Id,Class,asm+AF8-file+AF8-size,bytes+AF8-file+AF8-size,loc+AF8-count,0,FF,??
01kcPWA9K2BOxQeS5Rju,1,80,696,70,21091,7998,13940
04EjIdbPV5e1XroFOpiN,1,4345,870,7912,40030,10826,340
05EeG39MTRrI6VY21DPd,1,957,522,1047,19419,2104,8512
05rJTUWYAKNegBk2wE8X,1,13007,2856,29937,79568,47484,44280
0AnoOZDNbPXIr2MRBSCJ,1,913,580,2168,25791,4532,27384
0AwWs42SUQ19mI7eDcTC,1,2062,739,2933,22528,4580,7668
0cH8YeO15ZywEhPrJvmj,1,672,522,1682,17605,2203,25256
0DNVFKwYlcjO7bTfJ5p1,1,3319,855,6203,46625,10762,13756
0DqUX5rkg3IbMY6BLGCE,1,2205,667,4938,33240,4588,4488
0eaNKwluUmkYdIvZ923c,1,11335,2088,12858,69310,8013,4316
0fHVZKeTE6iRb1PIQ4au,1,8119,1595,12850,96418,25094,8984
0G4hwobLuAzvl1PWYfmd,1,16346,3277,29308,209002,37112,27644
0gkj92oIleU4SYiCWpaM,1,455,522,466,19154,1609,15680
0H63jydvIahOVqgx5Kfo,1,11489,2392,22085,90747,26393,38416
0Hrfce4X5YGESJPjl9uL,1,42670,7076,83689,292684,64988,63536
0I4ZVvngsAatm8fzD3pk,1,3872,1232,8044,41960,17573,8948
0iBaz3krsQ8HuA7cGDSt,1,1090,652,1131,38524,8809,492
0iS3pwlgJco8XORD4TLq,1,711,522,1759,17906,2260,23296
0jkmvR43UQ9yKxqXei61,1,25293,4379,56282,156070,62459,104172
0KigmP9TLwJXNGz26tfO,1,30526,4857,58416,236617,34774,5020
0l6fhCty3aSLDOgAjYQi,1,725,536,1770,19058,2214,25836
0MOorvEIRmZGhqQdc3TA,1,2440,768,5598,30652,6056,13188
0NEsQlDGnUMg3Bew7R1A,1,476,449,812,26463,4008,452
0NyfGXt8nmlK72Q9Irhs,1,4802,1421,9067,49867,18223,6968
0odUVkrjp2B1n8NDS6bR,1,8293,2349,10638,74322,12049,99936
0pTO4SVnWDehgUlYBAvq,1,6014,1334,5614,48530,10970,16452
0qpMX5CZU8mgD2kaRNVv,1,711,507,1106,25577,5108,10040
0Rgetc1wAfxlzHTGBOa7,1,808,522,978,29823,2345,8956
0rgudc7PpbexCtBjNqWF,1,692,493,1632,24718,5429,9540
0S7z4qxYTHPUDO8fgIyA,1,881,522,1914,31224,4348,4404
0SIqXMkDBWKE8s9pQaOv,1,443,565,794,30130,11298,13620
0uNkt6sirCnUWw175pjl,1,16891,3335,30445,155988,65782,87172
0WdoYq78xDkFMcIwRpmJ,1,4829,2334,740,197903,98062,8820
0X6U3SfcmbuZNodnH9qL,1,2455,884,4061,60106,9546,768
0yBQ5dAc2gN4qx9YWuiS,1,10929,3117,19410,98973,23186,8824
0YRDpBU67WrqEugkXlnd,1,13364,2856,20518,78617,17998,12696
0ZHV6acpJ9KkAWPjEI71,1,669,783,1631,28987,9132,8400
0ZiQmgtxzHe9v5O8Lf2k,1,1058,1261,2072,56617,12428,11252
0ZTEyLXaWReMK3rYVCjv,1,3782,1131,5103,32247,4601,12568
12TEseaJ4jnbyORqKxhf,1,821,754,1886,47491,3899,26824
15loeAHtkJa8BuFi6Zry,1,9760,1624,10491,53936,9249,23028
175ZU8ClOsnifz03ybcX,1,22976,4002,33083,136173,26386,12888
19zYbuW3XONcEedv7xUl,1,850,551,1877,19505,2370,25792
1aAwe4J9VHrsq8uEoZhf,1,4702,1870,9635,188682,21040,29592
1AXVt0D9mSU26fL4iFGc,1,1446,899,3362,43748,5673,82208
1ckp5Ye83yzjIilWQCfm,1,6993,1493,13403,63457,11225,9084
1Cub9LvOgMWkQqs3R2ef,1,5166,1116,11087,61081,13557,17328
1CWtrEfORZDj7psmnToA,1,31953,6409,53784,314659,119992,20112
1d485UYC6qhXKrAcDJPZ,1,22740,4582,38267,226486,45652,39992
1DNWriJEg56S03yvjTBu,1,7555,4031,15735,176439,87021,10656
01IsoiSMh5gxyDYTl4CB,2,14335,6713,603,39755,54902,8588
02JqQ7H3yEoD8viYWlmS,2,17483,8627,393,48412,58847,9648
02K5GMYITj7bBoAisEmD,2,5620,1000,1945,21599,8786,18400
02MRILoE6rNhmt7FUi45,2,85647,8569,601,87036,48161,9004
02zcUmKV16Lya5xqnPGB,2,36885,3755,1042,46149,52241,9004
05aiMRw13bYWqZ8OHvjl,2,15430,7206,1005,51484,60911,13096
05IXcWGxvnkto4sq17zZ,2,9975,1580,1106,15166,6900,16368
05Kps4iFw8mOLJZQrb1H,2,76015,7540,458,77863,42052,11076
065EZhxgbLRSHsB87uIF,2,93820,8163,757,47449,57050,8904
06aLOj8EUXMByS423sum,2,15429,6931,1892,67167,55136,15168
06QinlpeFIWj8qHc7Vys,2,15977,1522,167,10608,2266,92
07iSOIG2urUvsMl9E5Rn,2,15591,8236,755,86939,42326,10332
0A32eTdBKayjCWhZqDOQ,2,37593,4253,2222,69048,24714,11516
0akIgwhWHYm1dzsNqBFx,2,21404,6166,7785,213667,196523,18972
0ASH2csN7k8jZyoRaqtn,2,77502,7511,416,45808,62645,9508
0BEsCP7NAUy8XmkenHWG,2,67890,6713,491,76833,42106,6468
0bN6ODYWw2xeCQBn3tEg,2,19106,8859,2143,63417,55074,12096
0DbLeKSoxu47wjqVHsi9,2,6069,1073,1945,21835,8779,20460
0DM3hS6Gg2QVKb1fZydv,2,15345,7525,457,702234,55134,6968
0dnTixlMYzDUpsvEVrGc,2,15916,8540,755,92400,47762,11228
0DTp59Av1RLifoKlUdm7,2,34887,4268,2212,65553,27661,12016
0EAdHtLDypMcwjTFJziC,2,82577,8149,445,90480,50176,7428
0F4qIHaR7xOrm19Set3o,2,76472,7641,441,65429,43263,6916
0FKerJl18xOc3jdoyg4A,2,93833,9019,615,43177,49310,9420
0fvnGU7dkbr8iEhZuMcP,2,17686,8062,2424,64425,60879,14148
0G2RV1chBlIbkt6JqA5Q,2,83313,8192,422,82704,44468,10524
0GbMkYlNyt72OzBjIcVh,2,6986,1203,1945,21447,8806,19952
0gCmlyxw2UJvX7SNOGqu,2,14332,7076,817,38418,53706,16868
0gDsIvrylX5fPbG7cSBn,2,10945,1711,1734,20071,7395,17896
0gHs6DEouiCPAcmWFrTX,2,66405,6670,533,38758,53810,9532
0GKp9ZJclxTABMunIOD2,2,37269,4267,2249,64279,26876,11328
0gL3h5G6CszBV7RSinjJ,2,13325,6655,393,36275,49606,7152
0Gu4misTcKynQD2Ol1Jx,2,14649,7105,865,38751,54014,16876
0GUIi7xAlODwZ4YBenNM,2,12125,1827,425,20792,6275,206990
0gUpzkLVT73PCXx5WFRI,2,69148,6931,384,36237,51519,6452
0GuYe4J7oLwQ82xr3pWS,2,122284,12035,620,109456,43639,6844
0gxJ1YmwFUvnOzoM8N53,2,75125,7598,451,41766,41576,8968
0hBIiRpkMZtoYj3lcDLa,2,82757,7989,104,40706,53947,6560
0HcZRmLi9VTpuQJCoXny,2,37179,3741,1102,45813,53803,7484
0HICT7RtjaVQzcNOeMgS,2,6488,1102,1139,14771,6975,16860
0HKM38fmCR5DrxoIkBnQ,2,37863,4253,2212,63657,26668,11952
0Hlm4XgE1cQhC6BkMays,2,88819,8932,414,45571,57635,11624
0Hn2ojct97Wp1TbdNM4Q,2,4169,783,1735,19718,7412,16860
0i4FNJPQ8GuB3WU56LTS,2,4022,768,1734,19701,7403,18908
0IAlcuEiP9G6epb71Oom,2,15305,8279,781,100050,39166,12796
0isdESDMzq2K8T6FLPcC,2,17821,8714,776,40330,53121,12204
0JECiqrVNR1dgj67pZue,2,74133,7351,422,178800,45264,11036
0JfwyrEcBqaRzN9TgFMh,2,90154,7873,796,46237,56802,11488
0JOb8TyN6VBGCrjAkzfP,2,91865,9011,0,77197,63365,0
0KLUAMqmPJhOwaYrbSCE,2,17080,8642,423,46543,58458,8628
04BfoQRA6XEshiNuI7pF,3,224,11063,48,14119,9829,1517724
04cvLCVPqBMs6yn5xGlE,3,33483,8294,30,6344,3556,1550492
04QzZ3DVdPsEp9elLR65,3,201,11063,39,7575,5060,2320028
04sJnMaORYc1SV5pKjrP,3,163,8294,37,11431,6938,1491612
06arUi9q3wHS2C8RZxeB,3,134,8308,14,10739,6823,1497244
06KfrF7ltESna2ZHPVp5,3,175,8294,126,11459,7239,1490076
06osXqPUVM1HbvBGNncT,3,33482,8294,27,8519,5214,1536156
07nrG1cLKUPxjOlWMFiV,3,166,11063,30,13697,9545,1519772
09bfacpUzuBN5W3S8KTo,3,266,8294,41,11978,7073,1488540
0aSTGBVRXeJhx5OcpsgC,3,177,8294,146,11277,7134,1490076
0aU7XWsr8RtN94jvo3lG,3,33485,8294,19,6460,3567,1550492
0BKcmNv4iGY2hsVSaXJ6,3,182,11063,15,13591,9685,1521820
0BLbmzJRkjNynCgQIdtV,3,33482,8294,27,8487,5148,1536156
0cdnSIvN489sFUwYlrMQ,3,165,11063,21,14525,9887,1518748
0cfGJLYgE6ROaZH7KT1h,3,23587,8569,0,11290,2954,1529212
0cfIE39ihRNo2rkZOw5H,3,163,8294,36,10042,6731,1491612
0cGWK6VvCkm7O2AxDjtw,3,33419,8294,10,5668,3109,1549980
0csgzpwdL3FbZEJu6DjO,3,33484,8294,23,6529,3555,1550492
0CzL6rfwaTqGOu9eghBt,3,33481,8294,28,8510,5223,1536156
0D9IedmC1viTPugLRWX6,3,177,8308,139,11287,7237,1494172
0daTri9PSkeEsVHu5Dhw,3,33492,8294,25,6796,3663,1549980
0Dk7Wd8MERu3b5rmQzCK,3,124,8308,8,10541,6822,1498268
0dkuzUXLTEFwW71vP5bS,3,125,8308,10,10583,6591,1498268
0DTs2PhZfCwEv7q8349K,3,158,8294,29,11422,6947,1491612
0Eo9qT6idXHDMebwmvPA,3,177,8294,137,11360,7182,1490076
0evDQX7AVfC1ZTJEKltg,3,143,8308,22,11572,6858,1496220
0FdOaDWrfBU6TqwCRYxA,3,33480,8294,24,8640,5229,1536156
0fGuCWgTraQ6nEmLPN8q,3,177,8308,30,11352,7043,1494172
0Fu9oETtMW4zlg1ZrUy6,3,166,11063,27,13726,9545,1519772
0fxgjYEClPL1BDbcshzJ,3,184,11063,25,13389,9694,1520796
0GKzFQ81IYXqUWkmfv26,3,174,8294,132,11314,7119,1490588
0glscKoNakWL84EpunPe,3,220,11063,19,7419,5167,2320028
0gSm7QZu5x6MBvVzUncH,3,167,8294,27,11417,6777,1490588
0GVcTdBQXWUJ2t7vjphN,3,220,11063,28,14589,10045,1517724
0GvtWEPUBfDAcMbiYVSR,3,165,8294,28,10628,6822,1491100
0hH3JB2wM79lYdsyuK5N,3,174,8294,102,11170,7148,1490076
0hWRb28Umdgj7xcXOwtC,3,269,8308,50,11739,7063,1492124
0hZqVRKkw7GfMdpalLiN,3,33480,8294,36,8371,5310,1536156
0i4ENysvVrgFnbaHUuJK,3,174,8294,131,11576,6955,1490076
0iABvIkp3WHfgrJ79ymq,3,33488,8294,24,6382,3584,1550492
0icJrNnmPvDqVQkC3we1,3,175,8294,141,11416,7091,1490076
0IMUKlZs1Sm8LpGRkWhT,3,175,8294,147,11303,7139,1490588
0itbI5mjJF28ocTkrUf9,3,221,11063,27,14242,9897,1517724
0IyaidUKRqnt2PDfOzHT,3,173,8294,129,11336,7053,1490588
0IYZltU7uMpaco85PfKr,3,165,11063,25,13658,9575,1519772
0J2pOclDKjadkL57eroz,3,33482,8294,34,6605,3529,1550492
0jAopX629OwEH8WPkzVU,3,183,11063,16,13526,9676,1520796
0JAzwGUKORhFQWr3o1dN,3,171,8294,85,11234,7118,1490076
0JBNEWmdi7GptrK5qYD9,3,162,8294,42,11266,6953,1491612
0JPAX13cjxewaTh6tRCi,3,33375,8294,16,5571,3078,1549980
0qPGt4cRVk9NoiJgubf2,4,5044,841,555,2994,628,100408
1bL4yiwCUvSOg7tBJudf,4,11368,2276,29,3889,1269,366768
1eOaAY4fpV38LIdhxl95,4,3708,478,573,5298,398,29216
1FacC02JPfxSdXeD7MEw,4,2029,246,491,2310,272,11832
1gx83bLB4PSsYIKCTlZt,4,3594,580,117,5780,1632,54432
1PQFYMSBLAO9TmKk2Zhj,4,4723,768,44,3919,568,94876
1S9ui2XqltCJAOGUPw7v,4,4052,623,8,3619,445,71836
1yC7BzWHgtI2FibhQ0km,4,11825,2276,13,4944,1171,357020
2CfJMa5HIn6D1d9EXbpe,4,4231,623,195,3197,487,67740
2g4C03AeqoZR6ctiF1Qr,4,896,232,23,2761,303,35996
2icwOdb5xCshnIvMXfy4,4,1603,246,77,5420,238,18096
2mYSX6J9Dd5lkpLuNMc8,4,12033,2276,18,4586,1227,350384
2nNeZpSmwzACDiljoXM0,4,11822,2276,14,4531,1182,357540
2qSURceVYgQEhOFAdPXC,4,6751,841,44,44656,1003,33016
2SRWXLQomgJyliq3G6BM,4,11372,2276,15,3580,1285,366748
2VhINMP4oKmsnjZkY38U,4,3007,609,95,3822,429,78364
2vzlFiPL03STnwtDhoCU,4,4068,667,3098,3552,485,84520
2WBAlcgeu4zZbTNy713v,4,12006,2276,113,4552,1156,352924
2XiGfo95mCALRbu6KzVY,4,4914,855,145,5517,587,112260
2YNFrzjaecyUInXCDVmt,4,11307,2276,16,3376,1249,370360
2ZY5e4PHsEAvkziQGFR6,4,11441,2276,9,5076,1247,347312
30htxi8FRcmfUkInewlS,4,3898,353,0,426,3073,0
32r6nRhN1UCwtFTfy8ZG,4,10641,989,0,1138,3275,0
32rcXoa5QI1EmxBFS9he,4,3729,667,1665,3484,421,94856
3d2x0BYR7aiJLfPNsbgo,4,1529,232,19,3840,211,20656
3ekS6OIvjTVhQsgrqiHo,4,11377,2291,422,6156,1294,335012
3hfRptP5gUEqDHlCkMYX,4,368,261,74,21888,103,40176
3nowFMmKJAkiNs8CaGVb,4,3434,594,24,2983,540,79012
3OX0rbks7LQmeDcKx8C4,4,3538,464,598,2966,403,32288
3Q8Wvm1ceyOhSajNdCUb,4,11786,2276,17,4303,1146,359124
3RiBw0ntobeCh5VEQrY1,4,3505,623,3,4569,518,68280
3WhAuJ8OlUsk2XT0ImiK,4,3081,536,22,3087,619,70840
4AGv29WBlocjZiPIKqsp,4,12079,2276,64,4155,1184,349348
4aMbnHlA9es8vKmOFR2Z,4,3491,464,633,2523,451,35872
4AuqM30HyOajgr8SleRL,4,11423,2276,7,5342,1231,347296
4GUJ7HBXO8I56WyRSMQd,4,12233,2276,180,4769,1133,344232
4j5ZXQI3ghezluq1snEp,4,4940,696,493,5336,489,56888
4QCBDTJFskOqox0H8XIL,4,12174,2276,201,4298,1224,347808
4suKxkVWNqFQZLB5UfXD,4,11511,2276,4,5167,1233,348856
4vNDlExnr0y2mFXUgbz3,4,9637,2392,0,2366,1293,397844
4WaGm3PhidQVRopgXz7J,4,4289,768,51,4015,456,108720
4ZBJzEqnW52fFUw0PG3v,4,11495,2378,2740,4339,1087,393240
508Uk9z1gvCtucARFWG3,4,11360,2276,435,3991,1223,337464
50fz3EgBdYQKMjvinR9w,4,4310,826,2828,3231,454,124456
51rb6a438sZKqOgzwYlj,4,4121,565,478,5978,340,41092
5aqZV2vfkm63IeXYPlWg,4,4449,768,49,3384,491,104092
5dqijn0zcEPgONTLFRoI,4,3496,464,475,3353,480,34872
5HbKUA1oyJDeLwhM26Fq,4,5071,855,358,6208,467,97456
5IDvAEnUpuQH7LeloGiK,4,1291,551,343,1607,336,89140
5JfdLYbqX8oFmD1WTg97,4,3728,754,1287,3051,461,111140
0qjuDC7Rhx9rHkLlItAp,5,9097,2552,0,11430,2363,459148
1IpWLz6eyhVxDAfQMKEd,5,9642,2682,0,9396,2418,495068
1KB3Z7gd5aN4Xmx8W0sf,5,9787,8511,63,14087,1369,2138964
2aHfrLhcPTj5GnFZXUCN,5,849,3726,99,12894,1326,790452
2pwjzv6eGEb8QmHPfxSc,5,10248,1174,578,13413,1550,71484
2qAtoGOuMQZdmH3y7bEY,5,1315,5249,99,18051,1363,1213300
3m8kb5ILPrHcMC1o9Nht,5,9826,4147,96,12293,1154,923320
3zZpqyclD9B2v5Qas18m,5,1278,9178,88,19508,1020,2326768
40KRbGeQZ8PwcUgt5joa,5,9497,1885,64,11276,2388,273008
4UTMdcZkxzLvwygO8EuK,5,10390,8207,17,12673,1420,2052704
5tMCNKDogQ2x7zwUbpcZ,5,10456,6815,0,12168,2407,1644488
7cyYPthi5KmvXEs2NkRj,5,1073,5872,138,20777,1525,1386308
8wm2jYBqV30okUMfuDCd,5,9831,6786,77,22116,5113,1625404
AeCXyFRcU2SsgvVTpMzi,5,10071,1174,836,22873,3539,55793
asKPnzUXjShMc0Tl6Wge,5,9349,2044,0,9129,2447,323012
b59dlNEacoYUAyeR4Ipq,5,763,8207,21,8440,560,2280798
B6dzEY3kKIn8me9McfGg,5,965,6539,117,21847,4082,1553984
bGPHZFpAL3N957064wzj,5,552,1856,271,9744,1229,273940
BKXtxeYlLsprabEWIQhn,5,10037,1203,690,23031,6602,54044
cIojVJGQOtrL0S1ApeDY,5,9320,1711,114,11362,2476,216780
CRrAOvzk452LVZIGMWsq,5,9778,5785,104,17413,2379,1369564
cYb4XuNSqOA9IFLHseG1,5,9918,2030,692,11755,3965,317436
DEyOUKzN2g8suv96eYoC,5,828,3117,108,12217,1372,630152
Dj3FqX9IAHco2tG1UOZS,5,10799,8366,14,14308,1518,2085368
dKcE7Q1zuFViSaDRUtxY,5,1165,3929,83,16839,1137,861532
e2r6IncxE1LQOKFGgphj,5,1078,6235,108,12410,1261,1493588
EB0d2fJGLHam1tQCUDWu,5,9551,3161,112,10447,2447,631312
ei0C84XpoqcAS6v5ZExI,5,9733,2349,0,12642,2392,400372
epLciPaHrTu1gl4CW7Uf,5,9263,4060,103,16284,1790,895688
F6nOrb9ipd0SskWuJjUw,5,9570,2247,0,10119,2376,370636
FdiEeV3N8WtUSXjmcrxo,5,8964,2769,0,9139,2498,532856
Fnda3PuqJT6Ep5vjOWCk,5,1979,8236,21,9715,664,2259572
FsirpP0oDwXeAzC2KndG,5,7119,1334,228,30192,2568,100400
fyH8oWql4rg7tEJSLpIB,5,9719,1885,0,8586,2275,270244
gB105vrJPbcGCtuj7p4a,5,1587,10179,77,27471,3638,2578336
GbTUXFYkMoafQSe1zN94,5,1116,4248,108,12325,6742,918780
GkMBlvTidr5oyYOVJCwc,5,913,5524,56,14070,2361,1296936
Hc5LqZVK2yzlsb8BEfdO,5,1207,7670,131,12594,1233,1898320
hrguW0CqMt2mJdfvX8IB,5,3411,2030,682,8830,978,480764
hZiVAw5nREjHU1qodatK,5,261,1232,187,84069,2907,21784
i8WIr0dtVHSGMmwFlcUY,5,9893,2610,129,9838,2366,477988
idjesBrKybwkzPXMalUL,5,10425,8192,14,13203,1407,2048548
02IOCvYEy8mjiuAQHax3,6,3376,812,86,85090,403,60984
02mlBLHZTDFXGa7Nt6cr,6,1060,609,229,33141,12186,25352
03nJaQV6K2ObICUmyWoR,6,5339,2044,209,12369,3193,16272
05LHG8fR3iPn6agIo9z7,6,6796,2885,362,172538,64831,21260
08BX5Slp2I1FraZWbc6j,6,4627,1073,149,185684,6360,208
09CPNMYyQjSguFrE8UOf,6,22180,2059,889,66971,6894,27264
09sXMJUHwQWVanrhzAoT,6,3483,1957,268,97427,1718,6360
0BZQIJak6Pu2tyAXfrzR,6,1756,696,153,5147,1166,12172
0Cq4wfhLrKBJiut1lYAZ,6,5288,2943,392,176472,68557,28312
0df4cbsTBCn1VGW8lQRv,6,5345,957,228,7944,621,135384
0EL7OGZKozbiNCVP61gk,6,9008,3712,227,218168,84153,11148
0iZTHuQ5KMb4RtAlrz6D,6,6157,652,224,15288,5495,204
0JnvoeflBWwIcQa5GEPK,6,1231,623,260,36057,13139,15116
0KZFcsOYR4MdPJf6VvGS,6,1028,232,1245,22777,5217,548
0MmZ8j5pn2R3VG9wlxYi,6,5299,2030,240,12424,3209,16784
0NXFnJyOEhBAISKfiU67,6,3042,1919,244,137379,1618,8404
0q6eABpEHSbXlIzGh7jc,6,2439,3581,11,64278,6689,571356
0sLBvJeYl5UkiRzV1atI,6,5744,2450,285,141917,54824,16652
0sM2atqTo48GgnFwhQXu,6,8989,3712,205,217748,83788,14732
0sM6DQlxcP3oAfd9ZVBT,6,1309,667,476,36477,14055,23432
0TqZzRJOeno9NKpHIba5,6,29476,2624,2402,91200,5201,25316
0uDV25KpjABxvQ1rXgzT,6,15300,2030,565,13195,1438,196988
0VnTurd7B4YsH63wUGJ2,6,420,217,126,2250,602,15248
13HkPY29CL8RzS0FOc5D,6,4626,551,149,36201,6000,4304
16KuXyrdDOCWGhc7P4kL,6,3100,1174,210,3718,1638,12688
17jNaPkYIgvUyw9HxC5D,6,22151,2015,2314,63584,4517,28308
19B6wSHOLmjhGPoquTbW,6,1332,681,275,38892,14753,15628
19Emlw3WgC2O4iJknVtP,6,5090,1885,154,4179,2381,10640
1A7UqoIMrxHgVuW3FS9c,6,4707,2073,195,122479,50366,14596
1aDvVlWtPApk6EuKLdCG,6,1806,971,189,11144,5491,12172
1cdtwSyhmiekLoH7OUEs,6,5240,1986,183,6991,2297,17296
1d79vVgNkt4fMjQELaw3,6,4990,1986,220,72775,2406,16272
1Fe4Dk5vSltEWj3Kpg97,6,8158,3378,227,191208,72638,15108
1h7nkscUw5lDurHXPE20,6,4627,1044,149,175684,6360,208
1i2SThtkCGEplHeoJxqI,6,8826,3639,246,214054,82400,12172
1IjdZ2HuarlMYEBFbTCK,6,5262,1957,201,4861,2472,15760
1MnbpHvF3KGLS49yARaJ,6,5211,2030,201,14676,3243,14224
1Nu6CWGKlM4Xgi2x9a8H,6,5242,2030,158,14663,3209,13200
1R0pmNFb5znDi6aTVeZt,6,8802,3654,204,214942,82684,12684
1rc8uNR5MiqVm6Do0xSH,6,31640,2827,861,90980,7194,25748
1Skcwz5YxWihMqIyt30X,6,5243,1957,208,7078,2751,14224
1sVJGxyIi5AYblaRtu4e,6,22182,2030,2488,66610,4422,29332
1T0BWPoJVtNFzsycKhlr,6,22294,2030,2591,64438,4547,28820
1UfOQcbmP40I298aeCpJ,6,5308,2929,565,175325,69374,22680
1WCXg8qEtJFITMilaf6k,6,6331,667,236,15205,5443,204
1yIvRAMqz0K6xXPBZfQ8,6,561,1044,10,83985,3424,143396
1zOQywEgDm4CquxkWrJd,6,15640,2073,565,13303,1569,201084
21l6VM9tKEuCUhL7DjeY,6,751,638,1874,6127,1541,149100
27c0DulJmYsz8ajZULHC,6,3374,522,86,3170,403,60984
27V4S1ncC3fj0gitGuDI,6,2036,797,150,3048,1200,14224
09LXtWxm1EbK5uVqcQS3,7,173,5176,14,5223,827,1451188
0ACDbR5M3ZhBJajygTuf,7,11868,5597,690,138046,653,602472
0b5LqcWix3J4fGIEhXQu,7,134,4408,8,4936,184,1234616
0BIdbVDEgmPwjYF4xzir,7,173,5176,21,6453,463,1451188
0eN9lyQfwmTVk7C2ZoYp,7,167,4915,22,5761,629,1377460
0hZEqJ5eMVjU21HAG7Ii,7,172,5176,9,6538,937,1451188
0KgE6ksUeytoHfl2cT4r,7,171,4408,11,4805,167,1234612
0LAXajqhQy7po16dw8Tx,7,172,5176,14,4400,964,1451188
0M7aSiE9csDzkmfKheVt,7,168,4915,12,6350,342,1377460
0PlfqyKM1JtYZx2me5FU,7,174,5176,8,6450,454,1451188
0xfjbVBPYX1pSt4rdWOe,7,19527,5278,534,249645,903,442384
0YJRabHQ1reDxN3yjUCd,7,4636,4480,74,174459,15638,611088
18S9URJgMWqua2TZevsh,7,168,4915,20,5289,695,1377460
18te652nLyCi3IrZqMOJ,7,180,5176,8,6683,424,1451188
1FAxSngsym35phwROGl0,7,180,5176,10,6105,275,1451188
1Flm7qajnOzdtwBZ29gL,7,174,5176,19,5392,617,1451188
1GKhFnumAdIeykS3rZYi,7,174,5176,21,6564,301,1451188
1iWTJCzlSZgempU2xf04,7,133,4451,18,5859,1024,1246392
1jinhWv67o4ODebAw5Q2,7,174,5176,19,5268,705,1451188
1JPWLhrtsalBVpyGSKw5,7,179,5205,16,5972,247,1459380
1JuwbkFyUg7T6KfoNEjp,7,173,5176,17,6505,943,1451188
1KCvMqIFUoaB6wfOc2xQ,7,172,5176,12,6868,394,1451188
1KjZ4An78sOytkzgRL0E,7,178,5176,12,5202,697,1451188
1NiArstKkEmMf0vjDd7l,7,175,5176,17,4872,750,1451188
1nLqk0H5NYdR4OiJ6mob,7,173,5176,7,5343,569,1451188
1QuMnTw8zc3oWLSZ4KXt,7,173,5176,14,4788,221,1451188
1vhszDdnUVgZ9M5kRYQx,7,172,5176,17,5045,905,1451188
1YSNBUsrXKc3hWq7IayR,7,178,5205,8,6418,927,1459380
21ORx5nk8fcZH4eWDImo,7,6819,5350,543,545986,1006,1975
25JcvPNOIBXgSrAEtpUy,7,175,4915,12,4172,688,1377460
28U1hRkQ6Yl57493ZdXD,7,167,4915,23,5433,1676,1377460
2AiNV4msBIWd51whz9Xp,7,181,5176,8,4682,153,1451188
2gwSoct3BzRUvajVeCLu,7,167,4915,21,6060,490,1377460
2hwAeJRIM54fmCEaYdbn,7,140,4408,8,4744,1617,1233080
2IOMPurW3V9GQcbh08jE,7,173,5176,15,4619,770,1451188
2oMjFb1UfIym9ZgxDPqG,7,184,5162,22,4872,232,1447092
2r0UYLcKCxnRovpj5dlQ,7,7007,5350,662,536532,1224,3740
2UBy1ZDIiOxJHNnX35Mf,7,171,5205,9,4979,170,1459380
2v1WwXSQbf3RrN4eTG8l,7,181,5176,18,4816,636,1451188
2xlhAE5LO8RFfczB6ep3,7,174,5176,25,6828,350,1451188
2ZlLcMw4Vkim1pNYXj9v,7,180,5176,11,5378,202,1451188
35B8Vh0Q9k4STsiCtKx2,7,172,5176,12,5517,627,1451188
35dbDR8KSIwZNAPlcgTi,7,166,4408,9,2973,169,1238708
36jPFlq7zebvLdED82Up,7,181,5176,14,6290,451,1451188
37Og0blzE4WYpZ5c9LMN,7,167,4915,12,4820,148,1377460
3eHwdBolFKi4PahtXSyg,7,168,4915,21,6268,305,1377460
3mpsxg2FODqCAXHbMKPi,7,168,4408,24,4728,152,1234612
3y7txXDPZ1RneiGcgC65,7,179,5176,8,5410,194,1451188
3yALVj1gQbw6HfK4WMvl,7,16554,5278,622,133324,1083,438852
4c3h7j0QyqIgnKFzA5vR,7,174,4408,8,2789,165,1238708
01SuzwMJEIXsK7A8dQbl,8,1020,449,561,19764,2199,9008
04hSzLv5s2TDYPlcgpHB,8,1034,449,529,25639,2969,8564
0AguvpOCcaf2myVDYFGb,8,1084,1203,198,41404,3815,238236
0aKlH1MRxLmv34QGhEJP,8,2565,1232,267,47324,4124,229780
0aVNj3qFgEZI6Akf4Kuv,8,1380,435,444,25260,3330,5836
0aVxkvmflEizUBG2rMT4,8,1009,449,573,19811,2187,9008
0BFIPv1rO83whtpMYyAs,8,938,449,482,19638,2227,9008
0BY2iPso3bEmudlUzpfq,8,3687,1508,333,9252,1072,272936
0C4aVbN58O1nAigFJt9z,8,2617,725,2509,34877,5418,90340
0cTu2bkefOAJqIhYUWFK,8,1480,1145,635,50359,1278,229572
0fhnXI9ESr4jgWmkiaTe,8,979,449,576,25371,3321,9008
0giIqhw6e4mrHYzKFl8T,8,951,449,632,25373,3324,9008
0H5OFklQm7wAPfE1qaJY,8,942,449,540,19618,2176,9008
0hAlkjTR1Q6PewMczavb,8,1333,1116,228,26998,1393,230236
0HKFs3AXTt1IrOl52eVu,8,1419,435,484,25344,3324,6972
0HVAnMrp1LjKDmuoOJFY,8,1000,449,473,25648,3461,8564
0ItXlAUOhK8ZYdDf7HW4,8,943,449,538,25240,3332,9008
0Iv6U2hbcP1xeBitW5Oo,8,5451,536,0,29462,1627,0
0J61YGoWjV25TzxeSluf,8,1015,449,594,20154,2325,8564
0jKSsqXVHNucByZ9l6Ao,8,1001,449,501,20043,2311,8564
0mgFnqeLAMr7jthUYRTv,8,964,449,664,25361,3327,9008
0nxrvcZJUBNGM8Vg4SRf,8,943,449,523,25252,3319,9008
0pLrSeQMbqfCc2IZHUaO,8,1395,435,507,25236,3335,5836
0Q4ALVSRnlHUBjyOb1sw,8,1709,3929,0,20629,2840,814128
0QK142N5HoBntC7RydAh,8,1488,435,531,25463,3333,6972
0R3rxkTidWOuPI5MUbL6,8,943,449,526,19601,2174,9008
0rGlKyvn5Vo67RaDhPti,8,955,449,556,19628,2200,9008
0RlWbvBk9rEtVZ74KAen,8,1529,1160,252,41648,3319,229600
0SaYqdFRA5G7rfktjT63,8,1076,1232,307,37526,2385,229680
0SHsZKUkI2iN1Rw4be6E,8,942,449,506,19639,2207,9008
0Tw8aQsVxMlZgFDPUm21,8,1000,449,475,20018,2338,8564
0u3fjhzJ2ZMyAgKYkVF9,8,1271,1087,271,32518,2215,230136
0u4QcXSNvYnMalOBCygH,8,1462,435,452,19961,2208,7996
0UYATSktwajsiO8LWpx2,8,1026,449,518,25730,3486,8564
0w2LlG4eiBfby9JIMZgS,8,998,449,672,19929,2201,9008
0wkFafuhqSr1Z5J7K6C9,8,7157,2653,719,22288,8438,547796
0wqQj9ngaAVxI4SLr5H7,8,981,449,543,19795,2183,9008
0wtIHxfBDmYRQ7GWSaTj,8,946,449,528,19682,2194,9008
0XnPCouGZdhIKliOFQHr,8,938,449,474,25107,2462,9008
0XrH26wcU1ASsvK5ZqhD,8,895,1145,357,47910,1432,229792
0ZAJlqmphO4fjnVB6bMz,8,1027,449,598,21631,1854,9008
0zr6vIw74DgVSKXiRUY1,8,998,449,530,19824,2184,9008
14DUiwIb5xrfkF30cThJ,8,945,449,543,25240,3320,9008
15sGnFeEvMIgpQ8acbUu,8,10054,1002,0,83758,4866,0
15uCdAByiF48LpZ3YS6Q,8,937,449,474,19631,2201,9008
17qvV08gWM3LtoZKS9d4,8,1124,1102,1477,21116,3505,240860
18AD5lV4StiZfN0pmdGj,8,2803,1392,1190,60787,6707,229476
19emSiJG8vrZgT2zXEIY,8,1395,435,506,19710,2204,5836
1AFY9HiVpuymkQOeoDMU,8,1010,449,505,25734,3450,8564
1ARrSUKCbhWeTFyjp4ix,8,1074,449,574,20190,2332,8564
01azqd4InC7m9JpocGv5,9,57579,5133,2770,601905,5753,1824
01jsnpXSAlgw6aPeDxrU,9,8711,4712,369,93506,49144,468
04mcPSei852tgIKUwTJr,9,1203,609,616,33759,5900,388
07ECKjDTyQLnabNoxrIH,9,52658,4930,3272,585212,4719,284
0AV6MPlrTWG4fYI7NBtQ,9,8583,4698,396,90588,48983,412
0B2RwKm6dq9fjUWDNIOa,9,7804,4727,709,238102,42438,428
0bjN3Kgw5OATSreRmEdi,9,8470,4727,377,94683,50094,504
0co46B8IkPt2UN3HSaw7,9,4768,536,207,19170,2903,20180
0CPaAXtyswrBq83D6VEg,9,61488,5495,3393,649008,4824,1800
0czUXKSCiGY2j5mxLdWa,9,6487,710,1415,82010,1622,4520
0dauMIK4ATfybzqUgNLc,9,7792,826,1749,100832,1985,1476
0dhL8Jvcswa7U1qHiDS5,9,7649,797,1451,87449,2137,2380
0FOXjzmnD9CUMVcSlEqh,9,6515,696,1363,82965,1762,396
0gcZkSFr7VnEmLPbTxUe,9,8734,4712,506,92881,49174,460
0gWUIudhwovMYb3NSnZA,9,7761,4712,507,237513,42809,528
0IelgX5H2s14KutkEyNU,9,1330,623,630,21319,8160,252
0JAx9gzbC54Q61XBrqc7,9,1250,609,338,19510,7426,432
0njs7MJQObCY8ABgykiP,9,8452,928,2309,102817,2861,2596
0NZT2sFp4JKXqYGC8Rna,9,7704,812,1142,100328,1989,1996
0Phtp2LVcsCFMKkGgmRH,9,60269,5365,2770,629437,5941,1824
0pqtVjvLk89PdYr5MwZO,9,7313,797,2004,89931,2102,1856
0pXDqTLSebKWgaUOdnVE,9,7853,812,1402,94507,1874,5656
0QIZ6hemJLErWdFlGnCc,9,8665,4683,324,235452,41175,364
0qV43bnIcBDPF1WlG6tJ,9,8767,4712,635,90355,49596,296
0QWUChwNSFtlOjr45JpT,9,6474,696,1466,79361,1568,4508
0sH5GdO3LpZwMbPaXjfN,9,1319,609,500,35454,6593,404
0tZy7jgOKCIJslPRvrop,9,33978,2987,209,123283,9377,14064
0uLJEcpVlIWkTBeHZU4w,9,1113,594,293,33990,5888,432
0x47zZTBynC21leohIEs,9,6476,710,1384,81844,1559,4480
0Xm5sqBgQASUyFui2kbH,9,6728,754,1925,85299,1918,4480
0yn4gphuOYlPsCz5JGFM,9,1254,594,456,34292,5926,400
0yvBxsufKXzM6CwpcSYU,9,7975,826,1965,89896,2633,1868
0Zb69USnM3qafJTWHCpL,9,8872,4741,849,95077,50755,476
13FZ9DOhywk78sJiVULu,9,8386,4727,690,92882,50040,412
148bgAqCj3NzaHwSP0Gu,9,34013,3016,235,124151,9735,19692
14lJRXiAchNqVFSOBLgb,9,7736,783,1641,90935,1689,1440
198PdXRpGVZAzYxCrF0e,9,8680,4712,571,89974,49604,424
19hXQ2ODt6WvpEdxTGmo,9,7947,812,1881,92185,1814,1572
1EDNRfXhHWl7txAOdycU,9,4784,536,188,19707,2921,18684
1hcfvnSGMXEHU94egR3F,9,51687,4625,1988,547105,5679,2240
1HFt83wrBnSQu7cP2WZy,9,56833,5089,3710,589512,4760,2120
1hzZA7JPylptLbxKYOmI,9,7687,797,1511,89944,1582,1824
1I3Am5YxgsXpDh6BLHTz,9,33848,3001,156,123358,9618,19172
1juBrXlSObsai4No5MKL,9,7820,4727,723,239390,42204,412
1MjkqlJ7L6EoAPXb2fKV,9,7615,841,2665,86441,2408,2020
1PBLNzoZlUuWEvAt8MHq,9,8797,4712,563,235739,41951,516
1pfyGlxvBcaMTNj3VgE9,9,7921,797,1540,92672,1443,660
1roh5Aw0ELDKyeu6GkIt,9,7728,4712,522,239425,41497,352
1RyBhpeVSJd96rZkEI7w,9,58126,5205,2469,617541,4691,1984
1soISvrO3ylkfmuaq2UG,9,4752,522,234,18612,2756,18140
