Id,Class,mov,push,call,pop,cmp,add,lea,xor,jz,test,jmp,imul,mul,jnz,sub,and,retn,or,inc,movzx,xchg,dec
01kcPWA9K2BOxQeS5Rju,1,89,81,53,19,15,11,36,18,13,14,12,0,0,11,5,7,3,6,6,1,0,3
04EjIdbPV5e1XroFOpiN,1,9764,5927,2900,1527,1585,356,1230,740,1279,819,1476,30,0,820,311,420,441,113,294,31,1,290
05EeG39MTRrI6VY21DPd,1,2415,915,461,376,328,176,157,191,270,188,145,8,6,170,73,31,138,22,6,6,0,7
05rJTUWYAKNegBk2wE8X,1,32566,28620,10686,6384,7083,1214,5819,2902,6228,5052,4605,22,4,4234,1240,1723,1619,849,1815,422,3,647
0AnoOZDNbPXIr2MRBSCJ,1,2624,781,462,539,539,532,344,254,369,362,240,6,0,359,221,154,4,103,6,19,38,2
0AwWs42SUQ19mI7eDcTC,1,5174,3623,1957,1370,561,216,1139,444,527,661,443,0,8,463,175,181,450,26,135,25,1,72
0cH8YeO15ZywEhPrJvmj,1,3104,198,285,267,300,244,246,144,234,344,282,63,13,177,200,84,3,61,106,25,3,42
0DNVFKwYlcjO7bTfJ5p1,1,7408,4465,2380,1432,1557,861,1071,761,1263,1004,964,32,9,918,508,383,150,255,323,463,1,113
0DqUX5rkg3IbMY6BLGCE,1,4882,3140,1546,1305,1277,664,873,588,1052,948,640,32,8,767,235,252,124,191,397,106,3,182
0eaNKwluUmkYdIvZ923c,1,29817,12528,3936,4289,2619,9229,2782,7293,2549,3307,1023,47,1366,2342,1557,1797,6,1167,54,4030,1,53
0fHVZKeTE6iRb1PIQ4au,1,15990,14218,8499,3910,3290,1696,5649,1222,2562,2182,2695,46,10,2005,696,994,700,709,729,190,3,290
0G4hwobLuAzvl1PWYfmd,1,62251,27685,14057,3709,8369,5346,3662,2418,5385,2772,5249,256,29,4719,2341,1251,1355,567,16,1167,3,24
0gkj92oIleU4SYiCWpaM,1,680,801,377,107,122,239,58,56,120,105,68,1,0,60,20,21,2,3,6,7,0,2
0H63jydvIahOVqgx5Kfo,1,37444,15210,12572,8893,4225,2624,3782,3239,4211,3456,3314,65,11,2607,1043,455,269,429,1505,259,69,1509
0Hrfce4X5YGESJPjl9uL,1,149104,66562,38874,31530,15279,12694,21248,8628,21087,24950,7580,1644,13,10808,5898,3771,8200,1876,2963,2334,1,1780
0I4ZVvngsAatm8fzD3pk,1,6677,8868,3977,1958,1920,962,2778,877,1588,1547,1046,29,10,1399,409,548,121,311,726,127,3,199
0iBaz3krsQ8HuA7cGDSt,1,2189,1179,826,352,327,340,732,170,174,161,202,8,0,193,102,31,55,25,7,18,0,3
0iS3pwlgJco8XORD4TLq,1,3280,205,350,266,293,234,243,153,248,373,297,8,6,191,203,81,3,65,105,4,4,42
0jkmvR43UQ9yKxqXei61,1,95614,42478,19169,12081,11614,6543,9837,6049,9844,6505,11451,418,8,6099,3221,4010,3776,1733,2174,2399,1,372
0KigmP9TLwJXNGz26tfO,1,90935,31770,16106,17516,16861,18255,10256,7188,10435,9815,5755,492,80,8946,4631,1666,1174,2087,70,3400,0,67
0l6fhCty3aSLDOgAjYQi,1,3435,227,353,307,306,237,258,197,272,385,289,9,5,188,204,83,3,64,111,11,3,51
0MOorvEIRmZGhqQdc3TA,1,6468,3322,1819,1526,1559,543,566,491,991,678,720,8,9,885,257,268,219,160,181,82,1,82
0NEsQlDGnUMg3Bew7R1A,1,943,955,438,228,169,97,270,67,143,128,169,3,0,97,66,44,45,34,20,3,0,17
0NyfGXt8nmlK72Q9Irhs,1,14067,11765,5528,2586,2035,367,2732,953,1536,2250,1228,17,0,1258,643,515,926,109,248,62,1,124
0odUVkrjp2B1n8NDS6bR,1,27708,896,510,998,3314,8461,3874,1469,1378,1806,1345,1445,61,1333,1758,1411,3,432,7,5010,66,9
0pTO4SVnWDehgUlYBAvq,1,14268,7157,3778,2978,789,1695,2517,918,1319,1436,1156,1,0,1156,601,149,757,446,59,35,0,27
0qpMX5CZU8mgD2kaRNVv,1,1951,1204,575,348,247,134,274,181,208,259,153,1,0,179,51,43,149,13,41,8,1,13
0Rgetc1wAfxlzHTGBOa7,1,1975,1558,578,329,197,241,246,113,226,236,122,38,0,89,95,49,107,23,75,5,0,20
0rgudc7PpbexCtBjNqWF,1,1462,1356,513,280,412,100,273,201,303,237,197,7,4,274,92,99,24,69,150,32,1,62
0S7z4qxYTHPUDO8fgIyA,1,1543,996,512,393,520,212,206,194,365,234,208,8,8,295,88,122,17,116,127,19,2,58
0SIqXMkDBWKE8s9pQaOv,1,929,1132,394,124,199,25,207,67,179,155,110,0,0,153,36,21,45,4,34,8,0,15
0uNkt6sirCnUWw175pjl,1,45661,31057,16539,7740,7487,2948,13365,1980,5348,3676,7680,88,12,4069,1919,2906,1779,1281,952,184,5,551
0WdoYq78xDkFMcIwRpmJ,1,676,316,128,135,238,77,75,92,112,71,111,14,0,85,39,26,28,13,46,66,0,11
0X6U3SfcmbuZNodnH9qL,1,5802,5231,2023,1340,1029,197,616,682,1044,637,599,15,0,531,269,201,365,103,241,128,0,118
0yBQ5dAc2gN4qx9YWuiS,1,31606,18155,10254,5138,5333,4173,5915,2960,3690,2992,3501,214,26,2603,1549,838,1002,755,646,794,1,283
0YRDpBU67WrqEugkXlnd,1,28565,33776,13320,5718,2316,4495,963,2738,5204,7342,1397,31,12,4028,510,544,1893,517,484,847,0,210
0ZHV6acpJ9KkAWPjEI71,1,1352,1033,336,330,354,173,335,122,291,255,217,4,4,245,85,126,5,105,130,17,1,69
0ZiQmgtxzHe9v5O8Lf2k,1,2147,2273,1205,595,447,231,650,279,405,478,297,5,3,305,78,124,173,14,90,18,0,17
0ZTEyLXaWReMK3rYVCjv,1,13602,3406,1123,2290,451,2371,1301,1063,753,1314,614,320,8,934,495,371,867,198,477,0,1,494
12TEseaJ4jnbyORqKxhf,1,3924,211,305,271,367,465,345,151,253,345,298,124,6,188,274,90,1,64,119,151,4,41
15loeAHtkJa8BuFi6Zry,1,14528,7553,3418,3348,2492,3242,1710,1585,2267,2171,1020,39,19,1649,802,764,369,754,694,50,9,559
175ZU8ClOsnifz03ybcX,1,50325,43524,16329,11299,6008,19641,4559,9335,7301,9159,2987,92,189,5272,2188,2595,12,2609,80,1695,1,78
19zYbuW3XONcEedv7xUl,1,3675,223,342,295,347,256,296,182,275,371,308,6,7,193,200,89,4,70,129,3,3,45
1aAwe4J9VHrsq8uEoZhf,1,10188,6809,3837,2310,2150,877,1368,1165,1881,1820,1320,38,20,1390,657,654,462,488,410,503,2,224
1AXVt0D9mSU26fL4iFGc,1,2862,2047,1101,780,911,441,343,346,653,431,410,44,8,503,164,224,13,177,187,54,0,84
1ckp5Ye83yzjIilWQCfm,1,20245,12281,5369,4150,3011,2517,2884,1869,2509,2772,1407,79,14,2083,862,962,984,437,710,97,3,414
1Cub9LvOgMWkQqs3R2ef,1,9919,7311,3774,2149,2801,1432,1711,1351,2031,1859,1629,89,19,1689,782,661,367,585,546,519,4,306
1CWtrEfORZDj7psmnToA,1,73344,70935,30610,14619,13867,3427,13848,5875,13960,10158,7002,314,8,6409,3582,3374,4339,879,2539,931,23,1415
1d485UYC6qhXKrAcDJPZ,1,50878,37479,18584,11348,9094,4935,9691,3131,7861,6450,7485,130,10,5375,2163,2571,2463,1602,1801,531,5,1096
1DNWriJEg56S03yvjTBu,1,16587,22279,8113,3873,3299,646,2982,1733,3403,2663,2678,46,4,1882,1200,704,1313,264,605,136,6,451
1E93CpP60RHFNiT5Qfvn,1,88,79,29,26,19,6,20,19,7,7,4,1,0,17,8,3,3,0,4,1,0,4
1eJx34l8pcAFvMuOwrjB,1,18857,12237,6795,3493,2795,1802,3744,1178,1740,1499,2616,1,0,1201,894,829,959,838,472,117,0,185
1GQ4lzmoS3P96jkAKsRn,1,2145,1849,762,436,269,55,374,188,292,282,123,5,0,122,107,93,148,3,59,13,1,22
1gQDa4l9cNBbkO7n5IY0,1,16762,7226,3959,3047,3585,2372,3313,2410,1913,1939,1709,44,24,2043,1102,928,367,616,506,346,5,298
1h0FDrPmV7gfCzs9Id43,1,1066,1639,896,219,198,611,103,116,198,217,135,1,0,148,35,17,2,4,6,24,0,2
1her6tuVWjBkqZPUf8KR,1,4186,1406,539,914,611,608,423,270,556,434,265,25,3,380,136,72,5,28,35,1,0,49
1hK3zVxBGXmtTP6JlHwb,1,34138,1563,2885,2007,3599,4883,3158,1825,2316,2982,2327,517,13,1388,2454,967,3,546,105,1362,92,41
1HRWOczEX65rYmMiZ2lv,1,4400,3484,1546,1048,1545,768,685,563,1015,672,654,49,12,780,328,414,24,346,384,161,0,179
1IGurl3q9bJQ7pmtMD8O,1,15831,7536,4809,1707,1303,974,4391,697,1447,1414,2457,3,0,972,397,203,829,133,49,115,0,101
1ik3ncdBTYIJAgfmjpwz,1,10188,6809,3837,2310,2150,877,1368,1165,1881,1820,1320,38,20,1390,657,654,462,488,410,503,2,224
1JzApr8qu7Cci5LT23t9,1,28876,12102,5557,4267,4058,3400,4877,1367,3379,3335,2143,108,13,2519,1052,590,1146,361,899,1330,1,437
1kouSC7XqwfbyQVWnGZg,1,61959,59919,15386,18486,10882,21356,6129,5357,11156,12096,3745,178,0,7850,2417,1632,5,754,2070,464,0,671
1l5V2AwZS9ixLMmecCkp,1,7651,5863,3611,1428,809,452,2293,580,927,830,1837,1,5,483,426,509,676,120,144,24,1,89
1LE6uK9BdgNXIcSTnrMJ,1,5581,6391,2643,1109,1289,437,1181,647,1081,927,897,14,0,751,276,299,393,77,234,80,1,72
1libdFwcBaLtXRCmMZGe,1,1365,963,439,377,423,124,214,186,306,232,173,6,8,262,67,107,13,95,164,25,2,54
1mStzMaQ8RUVBx7TkF4o,1,3006,208,278,279,292,240,255,140,251,358,279,8,5,179,192,85,3,68,99,15,2,42
1mTVBq2nUDktewXxNH7W,1,1503,973,504,393,519,213,206,188,361,229,207,7,8,293,89,122,11,116,127,19,2,57
1OHzGWXBTlpyVsIPK3kj,1,5325,239,871,296,598,387,366,422,421,433,426,37,30,276,250,102,1,119,162,102,10,56
1pf8sevSo3OYJnhcZX6M,1,1306,1664,795,272,189,158,388,90,165,122,102,4,6,114,71,52,46,18,54,13,0,18
1ptMdWPB4IvREzafL2S9,1,544,548,258,107,44,64,145,40,69,90,85,0,0,36,16,1,27,2,11,2,0,3
1q92fF8uKHitWlaIkXzQ,1,14968,9585,3885,3234,2123,1003,2636,1134,1563,2003,1197,205,4,1100,722,576,853,297,407,191,1,213
1RKde4WYoA7c5N8lEHtv,1,1311,850,464,261,87,169,152,102,231,211,98,5,6,94,93,43,89,105,21,1,0,29
1Rr0hWX8Qz6nm3IgYLuF,1,10320,5622,2265,689,2078,1791,686,463,1014,308,1286,28,8,1048,426,413,35,224,34,203,2,22
1SH4t9y0IAoE8QP5NvXp,1,3490,1335,394,575,406,359,787,136,246,166,59,3,0,289,263,59,197,25,22,1,0,32
1smUAv6epFKI7kbR3u0G,1,4560,2806,1072,1329,788,488,515,358,660,671,505,10,8,535,184,225,281,154,220,48,4,109
1TieqSEpxIa6BmcGFsvM,1,1990,1446,768,588,657,266,215,248,459,278,260,20,8,353,110,142,12,94,131,26,0,57
1TKPznCeQg9cHYflavwb,1,4267,2379,1105,923,1170,513,449,451,732,507,519,31,12,549,233,367,34,270,329,85,1,161
1tO3IYLhvDx6CKoHamQb,1,32432,13243,5461,6287,5644,7711,3705,2201,3162,3450,2141,277,33,3130,2198,622,297,591,17,1462,0,12
1tzCLRxMuGS0yKI3lj8c,1,2137,1429,759,601,633,265,219,242,447,291,258,19,8,351,110,140,11,96,140,30,1,58
1u3PmQiD0bX6RcgoCNKe,1,43458,30397,12939,8465,8220,2831,7924,3280,7334,5842,4741,148,0,3784,2893,2570,3297,777,1758,1109,2,826
1xGM8wcYTV4pQFhJBd2f,1,32002,22042,14455,6396,7636,2674,9286,3790,6269,4192,6745,99,25,3936,1412,1825,1080,1213,2000,1080,2,924
1xhTCaBpdsUkSWNr4fg2,1,5315,3470,2193,1083,1466,502,771,621,962,709,880,24,13,741,202,297,167,252,247,40,1,90
1zb0rkEtweXH7ABuqoM2,1,48316,17534,10752,6800,4299,7227,4768,2213,3703,2550,3004,68,8,2020,843,625,33,404,2534,140,26,1583
2037kCYJ5fZKPw4oDGX1,1,2145,1848,762,435,270,54,376,185,292,281,123,5,0,123,108,93,148,3,61,13,1,23
21l6hcFemsiIapSqw8XO,1,41086,17284,11498,6224,6195,2841,8089,3914,3945,2758,5211,109,12,2571,1657,2212,1486,1025,1454,166,4,706
23L6M58iTRC4rNHlIFDy,1,60281,54517,27738,11981,8623,3562,10759,4902,8582,7013,8018,60,6,4935,2647,2714,5378,1271,1860,539,4,808
23X8YxaVuUHGecPoCtlN,1,2083,1503,807,617,668,286,217,262,486,306,269,20,8,365,128,144,32,98,135,41,0,57
25MVSaOYETk0ueIroJ1L,1,2735,197,262,269,315,255,237,129,265,346,283,9,5,181,186,84,3,60,128,0,5,44
25r7AlY4VJojhNEcOW6x,1,3910,2330,1133,1012,1063,675,563,410,738,692,483,14,10,538,249,300,12,272,283,41,2,145
27wyEMFY6QlxGfzpZ3iq,1,1830,1817,661,392,360,419,295,165,332,266,169,4,2,171,148,95,6,17,134,134,0,88
28k1chbvla3x9HorWNnO,1,9557,9919,3832,1862,1173,858,1242,699,1123,1303,981,1,0,813,419,385,804,58,159,4,0,153
29NR1zBEDCPM5xntsdlA,1,9143,9202,3799,1468,1724,533,877,639,1430,975,1123,66,0,920,593,270,534,69,418,117,9,381
2A6SgLfdzGEopT7XcQhD,1,5012,232,487,305,548,418,374,286,396,470,447,24,13,246,257,122,3,167,162,185,6,56
2AkLpJEONXZSefoC0BgQ,1,17426,15208,7018,3373,3123,1705,2848,1554,2609,2274,1817,45,21,1837,909,729,870,682,655,361,2,335
2BcVLYAwvCqM37U6bkj9,1,3096,209,293,269,296,237,272,147,240,349,293,10,6,185,204,205,3,145,101,40,3,41
2bcyFiRa8zKBolCGZSvO,1,7015,5427,2173,1523,1621,604,1174,438,1269,909,1061,8,8,882,419,498,338,236,245,64,5,134
2bdnyMU3XQlIA5grPeZm,1,158,132,72,61,40,13,10,28,26,20,15,3,0,22,9,9,2,3,5,3,0,2
2DBKbxPnVCyiLzqAHU9c,1,358,315,212,59,22,38,141,17,16,30,102,5,0,16,31,3,19,3,24,4,5,47
2edniWaG7lVIHuAsN1MQ,1,4156,6307,2299,1353,1024,739,978,339,813,624,362,5,0,544,378,144,368,29,124,9,0,63
2eqnSQrGfCXupwkDtIJ6,1,16069,5314,2147,2074,1159,1555,1251,706,858,1252,586,237,0,753,753,255,728,95,539,5,0,385
01IsoiSMh5gxyDYTl4CB,2,2190,569,333,186,218,323,195,106,54,48,47,30,30,38,216,84,89,93,22,43,0,21
02JqQ7H3yEoD8viYWlmS,2,491,176,65,88,150,122,85,53,38,46,48,4,8,34,63,104,5,62,73,4,0,35
02K5GMYITj7bBoAisEmD,2,37763,2261,827,792,584,438,431,282,224,125,389,6319,11011,215,235,413,35,112,275,375,0,95
02MRILoE6rNhmt7FUi45,2,1125,430,201,170,157,103,158,89,57,61,79,4,9,42,122,115,41,81,62,6,0,39
02zcUmKV16Lya5xqnPGB,2,1654,625,303,279,267,202,225,138,81,130,121,65,27,58,177,110,59,68,59,9,0,38
05aiMRw13bYWqZ8OHvjl,2,1675,552,328,285,286,281,186,143,133,123,117,30,20,80,185,159,75,100,69,35,1,47
05IXcWGxvnkto4sq17zZ,2,81618,1830,678,627,289,172,446,206,175,174,128,28420,27655,151,107,131,32,57,140,20,0,46
05Kps4iFw8mOLJZQrb1H,2,1641,437,239,193,138,122,103,78,41,45,51,60,65,29,102,14,57,17,7,11,0,2
065EZhxgbLRSHsB87uIF,2,1520,470,282,221,216,248,189,116,73,75,85,32,22,51,170,142,67,77,58,17,0,35
06aLOj8EUXMByS423sum,2,4549,1077,466,528,549,714,354,431,219,219,213,59,33,213,407,241,97,208,207,53,2,94
06QinlpeFIWj8qHc7Vys,2,1242,145,57,127,10,111,209,5,8,24,2,32,0,71,96,29,3,35,9,0,0,51
07iSOIG2urUvsMl9E5Rn,2,1643,583,320,237,211,260,188,199,72,98,111,46,14,55,184,204,60,137,68,112,0,67
0A32eTdBKayjCWhZqDOQ,2,1923,971,411,471,483,194,367,412,413,498,361,10,5,318,283,232,70,181,154,328,0,75
0akIgwhWHYm1dzsNqBFx,2,12874,4526,1677,2005,1856,2138,1108,1251,1396,1615,1054,125,13,913,1000,758,238,520,752,511,28,337
0ASH2csN7k8jZyoRaqtn,2,509,168,125,106,98,113,80,55,58,51,49,2,8,35,79,110,26,62,53,7,0,35
0BEsCP7NAUy8XmkenHWG,2,1303,437,236,193,155,136,106,80,39,45,50,73,42,47,97,22,56,15,7,3,0,2
0bN6ODYWw2xeCQBn3tEg,2,4338,1158,558,523,594,772,367,489,281,315,226,54,56,213,400,258,82,174,201,55,1,118
0DbLeKSoxu47wjqVHsi9,2,38549,2261,830,792,584,438,431,282,224,125,389,12607,11797,215,235,413,35,112,275,375,0,95
0DM3hS6Gg2QVKb1fZydv,2,620,216,71,110,111,210,104,69,48,53,57,22,14,44,111,106,5,76,64,4,0,41
0dnTixlMYzDUpsvEVrGc,2,1708,527,304,226,209,183,181,144,67,94,96,26,12,60,178,149,59,98,68,86,0,40
0DTp59Av1RLifoKlUdm7,2,1906,974,415,471,484,192,364,405,409,494,342,6,1,318,277,223,70,180,154,328,0,75
0EAdHtLDypMcwjTFJziC,2,1247,392,233,190,136,153,117,92,49,68,49,23,10,35,106,62,59,44,26,73,0,3
0F4qIHaR7xOrm19Set3o,2,1483,394,239,193,133,177,123,84,44,58,54,24,10,37,126,76,57,59,13,91,0,2
0FKerJl18xOc3jdoyg4A,2,1108,443,200,171,158,127,147,99,63,66,81,14,13,39,103,106,41,68,58,6,0,36
0fvnGU7dkbr8iEhZuMcP,2,5405,1371,611,748,647,827,412,670,395,357,248,107,131,283,493,238,101,203,269,37,1,111
0G2RV1chBlIbkt6JqA5Q,2,1333,383,237,181,125,159,124,75,46,59,53,34,10,32,124,65,58,47,10,74,0,8
0GbMkYlNyt72OzBjIcVh,2,40907,2261,834,792,584,438,431,282,224,125,389,22825,16513,215,235,413,35,112,275,375,0,95
0gCmlyxw2UJvX7SNOGqu,2,1567,518,298,233,244,350,186,128,83,77,128,34,23,47,176,141,67,86,61,20,0,40
0gDsIvrylX5fPbG7cSBn,2,38084,2085,794,786,490,398,506,30163,231,228,207,32097,37443,229,211,224,33,109,295,139,6112,108
0gHs6DEouiCPAcmWFrTX,2,779,205,75,106,101,90,125,149,81,76,66,31,33,43,113,98,5,117,56,4,0,45
0GKp9ZJclxTABMunIOD2,2,1999,993,418,488,485,199,379,424,426,507,343,6,8,318,295,223,71,220,154,328,0,82
0gL3h5G6CszBV7RSinjJ,2,602,228,81,95,92,50,111,124,44,48,44,0,8,33,81,201,5,137,59,7,1,54
0Gu4misTcKynQD2Ol1Jx,2,2447,613,368,257,269,371,256,127,86,78,87,35,21,59,272,255,97,230,70,68,0,118
0GUIi7xAlODwZ4YBenNM,2,886,252,101,108,140,117,164,26,53,33,48,18,8,70,75,48,9,36,24,4,1,21
0gUpzkLVT73PCXx5WFRI,2,462,155,59,74,92,41,83,67,40,45,42,3,8,34,60,103,5,60,55,4,0,38
0GuYe4J7oLwQ82xr3pWS,2,1125,464,232,178,155,123,152,104,64,69,83,44,12,42,104,98,42,72,58,7,0,40
0gxJ1YmwFUvnOzoM8N53,2,1409,400,229,190,127,178,121,87,56,64,52,39,12,29,126,45,59,87,15,75,0,6
0hBIiRpkMZtoYj3lcDLa,2,227,113,53,34,19,18,17,12,25,26,7,0,8,17,14,11,5,12,4,4,0,2
0HcZRmLi9VTpuQJCoXny,2,1762,679,341,289,294,223,259,154,102,125,128,36,37,61,219,110,63,77,57,10,0,40
0HICT7RtjaVQzcNOeMgS,2,25503,1896,721,649,292,184,435,17774,177,187,129,18340,14523,156,112,135,33,57,150,20,6112,47
0HKM38fmCR5DrxoIkBnQ,2,1894,962,408,468,483,190,364,405,409,494,358,6,1,318,277,223,71,183,154,328,0,75
0Hlm4XgE1cQhC6BkMays,2,486,203,141,103,98,102,86,57,58,51,47,4,8,35,88,111,26,57,53,12,0,35
0Hn2ojct97Wp1TbdNM4Q,2,20514,2086,785,786,491,398,506,4951,231,228,208,3829,3063,230,211,224,33,109,295,139,3820,108
0i4FNJPQ8GuB3WU56LTS,2,9052,2085,783,786,490,398,506,5715,231,228,207,4593,4591,229,211,224,33,109,295,139,6876,108
0IAlcuEiP9G6epb71Oom,2,1944,536,316,233,223,226,223,159,76,90,96,36,20,59,207,170,59,130,64,107,0,39
0isdESDMzq2K8T6FLPcC,2,1690,643,242,236,403,212,200,122,71,80,126,39,22,55,156,154,58,107,85,22,0,48
0JECiqrVNR1dgj67pZue,2,1336,431,254,189,121,156,117,73,39,48,50,26,10,25,104,49,58,49,12,65,0,5
0JfwyrEcBqaRzN9TgFMh,2,1730,518,319,231,235,259,195,123,76,75,82,30,15,49,174,159,78,104,57,25,0,37
0JOb8TyN6VBGCrjAkzfP,2,0,0,0,0,0,0,0,0,0,0,0,0,0,0,0,0,0,0,0,0,0,0
0KLUAMqmPJhOwaYrbSCE,2,595,180,136,97,103,121,105,55,60,51,65,2,8,38,97,140,25,97,53,8,0,56
0l5IobyKpuqcwO4NxfgD,2,1522,586,280,241,196,132,219,148,68,78,98,7,10,48,118,106,56,63,57,10,0,36
0LQSi5wnRZ3muIs6Mx9E,2,1907,963,411,470,484,192,364,404,409,494,359,6,1,318,277,223,71,180,154,328,0,75
0LVqvlHF8PuepodIiBUb,2,2619,1271,510,662,610,389,447,442,438,520,350,31,19,356,369,243,94,190,163,327,0,78
0MPV9Y8WNcFoyRZqQ76G,2,1592,502,284,232,204,189,229,123,65,91,90,41,10,57,175,145,60,117,66,96,0,37
0Mx7E5XgoRcJavdPAit8,2,21257,2261,839,792,584,438,431,282,224,125,389,3961,5509,215,235,413,35,112,275,375,0,95
0NmoAEOtIDdwiVr9PCBf,2,14597,4399,1647,2126,2011,2257,1224,1527,1494,1827,845,271,56,1169,1040,880,234,532,840,485,0,612
0OfazrXvcTqVYi3dEGU9,2,1904,967,411,470,484,192,364,407,409,494,361,6,1,318,277,223,71,180,154,328,0,75
0OXtHMVdxJuvezcLRGZQ,2,1238,437,238,191,147,132,88,76,43,45,58,31,35,22,110,22,57,15,8,8,0,2
0P6tEopzr2mIhkuOKiCD,2,8290,2086,785,786,491,398,506,1895,231,228,208,773,3827,230,211,224,33,109,295,139,2292,108
0pQ123lKqiLJtFTwjBfG,2,1654,551,330,248,236,273,181,131,87,80,84,59,33,51,184,128,77,80,60,19,0,39
0PREAmkFZjrftD3LiwOV,2,440,153,57,74,92,35,83,51,37,44,42,6,8,36,64,94,5,54,54,8,0,35
0qeE63wvCGzSapRuW4TI,2,4228,1106,484,566,521,657,352,420,257,284,223,26,29,193,356,238,80,193,214,27,1,120
0rlkeuBLpWm15TyFRHUJ,2,637,171,123,100,111,122,93,58,64,54,53,23,17,46,99,119,25,59,55,5,0,35
0RvUg8rntNxyDHPJeEYG,2,26759,2261,825,792,584,438,431,282,224,125,389,9463,9439,215,235,413,35,112,275,375,0,95
0sdr2cfHLzNO9Ep4RSjT,2,62915,2261,840,792,584,438,431,282,224,125,389,25969,30661,215,235,413,35,112,275,375,0,95
0sMxy5SNLu1YCkKJzaB3,2,1380,541,296,546,259,299,167,116,83,84,87,28,19,54,165,147,68,89,645,11,113,53
0SUAyQWoTeZb8qmIPMK3,2,1623,535,269,224,197,193,188,157,60,86,99,23,10,50,179,171,59,101,74,72,0,39
0TBj7glMRJScN9GmOzyi,2,18254,1801,719,534,286,161,416,196,191,203,130,8287,5277,160,103,129,28,55,135,17,0,45
0URC4HAzJrjWnDVMXF1x,2,2655,1304,528,672,618,399,449,452,439,520,354,45,17,354,375,243,94,191,162,327,1,78
0uZcAvaHLitbWmC1QMXf,2,8186,2818,1108,1403,1091,1262,847,898,1053,1220,945,74,39,542,699,510,249,333,341,462,0,231
0V6UmdMg7wQGXslAzORJ,2,578,207,84,100,96,44,87,61,48,47,82,17,12,33,77,95,5,60,72,11,0,53
0VfuK267xTdeBcmLaCp1,2,44198,2086,797,786,491,398,506,33219,231,228,208,32097,29803,230,211,224,33,109,295,139,4584,108
0Vi6RsKdlHBzySe5Zp4Y,2,2663,1306,528,673,615,400,449,450,438,520,356,37,26,354,376,243,94,190,162,327,1,78
0W1RChtwZvj4Qy78GYUJ,2,2294,436,191,304,11,244,221,175,62,88,13,37,0,111,176,44,3,122,12,0,0,95
0WQtf1pNPdRqUI7KJFAT,2,2669,1292,514,674,605,388,450,446,439,523,359,49,36,356,368,243,94,189,163,327,0,78
0XbS5KBuICayhs2p3NTU,2,8697,1897,744,649,293,184,435,3258,177,187,130,1532,2299,157,112,135,33,57,150,20,3056,47
0XEmjdgVyY6hWfKulvCi,2,41140,2085,794,786,490,398,506,37803,231,228,207,24457,29039,229,211,224,33,109,295,139,6112,108
0xpa8zDNdEnK9gB1Wmer,2,9054,2086,785,786,491,398,506,1895,231,228,208,2301,3063,230,211,224,33,109,295,139,6112,108
0XVbihU4clgRS9A6tsB2,2,68417,2261,839,792,584,438,431,282,224,125,389,18895,24373,215,235,413,35,112,275,375,0,95
0YCvp8xd4rjiDMKFV9PA,2,31475,2261,838,792,584,438,431,282,224,125,389,13393,4723,215,235,413,35,112,275,375,0,95
0yjkG4BHeCbTimIslgr7,2,1030,417,187,167,157,107,134,96,59,62,80,10,9,42,101,110,41,75,58,6,0,37
0YWidX9hOD5sPrtTvc2M,2,494,168,65,82,99,49,78,56,44,44,45,6,11,36,64,96,6,59,52,4,0,37
0zfLRXlhm34ASQUtrdjV,2,1524,159,59,143,11,140,211,7,9,49,7,30,0,100,124,28,3,38,10,0,1,60
0ZiAjFN81BOE7plhCnSm,2,24492,2267,833,796,585,438,431,283,224,125,391,3976,5530,215,237,413,35,112,278,375,0,95
10H9detwuiZByNSRMmxf,2,1118,334,144,147,138,164,166,43,77,56,46,65,25,73,110,47,9,54,20,4,1,29
10oTLIHtSwzCN45DysmQ,2,42661,2084,794,785,490,396,505,27869,231,227,208,29041,35151,230,211,223,33,109,294,139,5348,108
125y4VsArzkCNOGZfu6o,2,764,232,99,117,138,62,103,152,86,85,99,3,42,39,73,160,5,59,54,4,0,49
15tQNEDpb0mi63kfOWM8,2,1682,518,285,229,190,184,198,109,58,80,83,25,10,50,181,161,60,117,61,114,0,36
16cTMtKIjH5SbyovWuBq,2,1899,964,410,468,483,190,364,403,409,494,354,6,1,318,277,223,71,180,154,328,0,75
18A9fzqbeyripCSuLKo4,2,1161,764,390,340,287,126,248,289,299,379,264,3,1,248,180,37,71,26,31,308,0,8
18eZt9qWksQhoY3K60aE,2,2903,1336,524,708,606,430,493,489,478,548,368,170,55,356,412,243,94,189,164,327,0,79
18SQsaz6lMJIZCknYpgL,2,6978,827,331,625,5,648,476,25,16,45,3,547,0,34,675,218,3,240,25,0,0,22
1AfYJKywcXSiI6H80nqE,2,1170,417,233,187,132,107,108,75,40,44,50,41,36,20,78,14,56,15,8,3,0,2
1AhLOsNdHzDPfJrSXmQC,2,597,208,84,92,105,60,104,77,50,48,44,4,12,42,75,99,7,87,59,4,0,34
1AvCEkV76rjuYp9aqPbK,2,6596,2042,786,873,946,1127,521,617,523,548,324,43,33,363,517,354,81,218,370,35,1,362
1awXjkTQiJpCeDV7dL8m,2,36977,2261,831,792,584,438,431,282,224,125,389,7891,5509,215,235,413,35,112,275,375,0,95
1BDCxE2AMQN9yH6sWdIo,2,2287,646,384,247,268,338,214,165,89,76,94,53,28,54,235,151,99,112,60,20,0,41
1BYZOXRoVfhtQGMJnkST,2,1930,981,419,473,485,194,366,407,409,494,340,6,1,318,280,223,71,181,154,328,0,75
1cB6EdrmebFjAX3QHkS9,2,479,173,123,98,95,99,76,53,56,49,46,0,8,32,89,115,25,57,53,16,0,35
1CbXMgAIJtiNLR0So9ul,2,1755,510,284,220,271,228,203,118,66,101,129,21,30,64,170,152,54,208,72,14,0,143
04BfoQRA6XEshiNuI7pF,3,201,448,168,168,8,116,52,7,5,14,1,0,0,14,68,10,0,4,1,0,1,2
04cvLCVPqBMs6yn5xGlE,3,188,552,277,278,9,119,46,10,2,6,0,0,0,7,68,5,0,8,2,0,0,1
04QzZ3DVdPsEp9elLR65,3,209,443,168,170,7,124,52,7,2,10,1,0,0,10,64,11,0,8,1,0,1,3
04sJnMaORYc1SV5pKjrP,3,167,350,137,140,8,98,38,10,1,10,0,0,0,10,52,7,0,4,1,0,0,2
06arUi9q3wHS2C8RZxeB,3,80,176,79,102,4,49,15,22,2,2,17,0,0,3,26,2,0,3,0,0,1,2
06KfrF7ltESna2ZHPVp5,3,157,370,172,176,5,184,36,15,3,3,1,0,0,3,50,7,0,7,1,0,1,1
06osXqPUVM1HbvBGNncT,3,205,535,277,275,6,123,43,11,2,10,1,0,0,10,64,5,0,6,0,0,1,2
07nrG1cLKUPxjOlWMFiV,3,240,347,138,136,7,96,40,10,4,6,1,0,0,5,59,7,0,5,1,0,0,1
09bfacpUzuBN5W3S8KTo,3,199,514,222,248,8,127,52,54,5,9,1,0,0,9,75,7,40,7,0,0,1,3
0aSTGBVRXeJhx5OcpsgC,3,146,373,171,167,7,187,43,9,3,9,1,0,0,9,58,5,0,3,0,0,0,2
0aU7XWsr8RtN94jvo3lG,3,195,461,302,295,4,127,57,8,3,7,120,0,0,7,71,10,0,10,4,0,1,1
0BKcmNv4iGY2hsVSaXJ6,3,133,276,108,112,6,77,25,8,1,2,0,0,0,3,40,5,0,3,1,0,0,1
0BLbmzJRkjNynCgQIdtV,3,189,557,277,289,8,118,52,9,3,6,1,0,0,6,64,6,0,6,0,0,0,2
0cdnSIvN489sFUwYlrMQ,3,252,348,138,139,4,96,40,11,0,7,0,0,0,8,55,6,0,3,1,0,0,1
0cfGJLYgE6ROaZH7KT1h,3,498,1255,492,24,296,740,4,79,174,59,2,0,0,183,305,94,2,80,1,0,0,1
0cfIE39ihRNo2rkZOw5H,3,142,355,137,142,4,101,48,10,0,12,0,0,0,12,55,6,0,7,1,0,0,2
0cGWK6VvCkm7O2AxDjtw,3,66,80,53,51,2,27,10,5,1,1,21,0,0,0,17,1,0,0,1,0,0,1
0csgzpwdL3FbZEJu6DjO,3,190,522,277,276,6,119,47,9,1,8,1,0,0,8,68,10,0,6,2,0,1,1
0CzL6rfwaTqGOu9eghBt,3,193,541,277,284,9,122,44,7,1,5,0,0,0,5,69,3,0,7,0,0,0,2
0D9IedmC1viTPugLRWX6,3,168,359,171,169,4,187,33,8,2,9,1,0,0,9,57,4,0,3,0,0,1,2
0daTri9PSkeEsVHu5Dhw,3,205,455,302,286,8,128,46,130,4,5,120,0,0,5,80,5,0,9,4,0,0,1
0Dk7Wd8MERu3b5rmQzCK,3,55,128,123,94,2,64,14,45,2,0,1,0,0,0,20,2,0,7,0,0,0,2
0dkuzUXLTEFwW71vP5bS,3,60,131,125,97,4,65,13,44,0,0,0,0,0,1,22,5,0,3,0,0,1,2
0DTs2PhZfCwEv7q8349K,3,150,334,136,128,9,96,37,6,2,5,0,0,0,5,51,6,0,5,1,0,1,1
0Eo9qT6idXHDMebwmvPA,3,158,373,169,175,9,186,39,9,2,5,0,0,0,6,56,5,0,4,0,0,1,2
0evDQX7AVfC1ZTJEKltg,3,93,212,157,124,5,104,19,46,2,2,1,0,0,2,34,3,0,5,0,0,0,2
0FdOaDWrfBU6TqwCRYxA,3,213,538,277,270,4,121,41,12,1,7,1,0,0,6,66,6,0,8,0,0,1,2
0fGuCWgTraQ6nEmLPN8q,3,152,372,154,183,4,95,41,30,2,9,17,0,0,9,55,10,0,9,1,0,1,2
0Fu9oETtMW4zlg1ZrUy6,3,244,344,138,139,9,98,36,5,4,4,1,0,0,4,53,5,0,8,1,0,1,1
0fxgjYEClPL1BDbcshzJ,3,133,275,108,107,4,75,29,7,1,7,1,0,0,7,40,5,0,7,1,0,1,1
0GKzFQ81IYXqUWkmfv26,3,142,362,172,182,6,188,46,9,1,5,0,0,0,6,53,4,0,9,1,0,1,1
0glscKoNakWL84EpunPe,3,190,424,168,165,3,122,47,10,0,6,0,0,0,6,69,3,0,7,0,0,0,2
0gSm7QZu5x6MBvVzUncH,3,250,349,137,138,6,101,37,11,2,6,1,0,0,6,57,3,0,3,1,0,0,1
0GVcTdBQXWUJ2t7vjphN,3,191,437,168,181,10,120,39,11,5,4,0,0,0,5,69,8,0,4,1,0,0,1
0GvtWEPUBfDAcMbiYVSR,3,238,337,137,129,4,97,43,11,2,7,1,0,0,7,55,6,0,6,1,0,0,1
0hH3JB2wM79lYdsyuK5N,3,134,356,168,159,6,201,50,12,3,10,1,0,0,9,54,5,0,5,1,0,1,1
0hWRb28Umdgj7xcXOwtC,3,195,551,222,241,15,127,44,54,7,6,1,0,0,6,73,8,40,8,1,0,1,2
0hZqVRKkw7GfMdpalLiN,3,198,544,277,281,9,119,47,6,4,11,0,0,0,12,70,4,0,6,2,0,1,1
0i4ENysvVrgFnbaHUuJK,3,158,358,171,165,6,188,35,8,2,4,0,0,0,5,63,5,0,6,0,0,1,2
0iABvIkp3WHfgrJ79ymq,3,212,479,302,308,6,131,54,10,2,9,116,0,0,10,72,5,0,6,4,0,1,1
0icJrNnmPvDqVQkC3we1,3,147,363,172,171,8,185,42,12,4,6,1,0,0,5,51,6,0,4,1,0,0,1
0IMUKlZs1Sm8LpGRkWhT,3,156,361,172,167,6,189,40,9,1,10,0,0,0,11,54,6,0,4,1,0,0,1
0itbI5mjJF28ocTkrUf9,3,205,437,168,171,3,117,39,12,2,7,2,0,0,6,67,7,0,6,1,0,1,2
0IyaidUKRqnt2PDfOzHT,3,149,355,172,169,6,193,38,14,2,3,0,0,0,4,48,7,0,2,1,0,1,1
0IYZltU7uMpaco85PfKr,3,245,348,137,138,6,94,37,8,3,6,0,0,0,7,53,5,0,9,1,0,0,1
0J2pOclDKjadkL57eroz,3,183,547,277,283,9,121,51,6,3,9,0,0,0,10,66,5,0,4,2,0,1,1
0jAopX629OwEH8WPkzVU,3,125,279,108,113,4,77,24,7,2,4,1,0,0,4,43,5,0,6,1,0,0,1
0JAzwGUKORhFQWr3o1dN,3,115,337,175,170,8,211,46,9,5,8,1,0,0,7,53,6,0,4,2,0,1,1
0JBNEWmdi7GptrK5qYD9,3,149,365,137,143,8,98,45,7,2,12,0,0,0,13,56,6,0,6,1,0,0,1
0JPAX13cjxewaTh6tRCi,3,66,81,53,53,3,25,10,6,2,2,21,0,0,2,18,2,0,1,0,0,1,1
0K4sTCLtrIJ5SinQbe7u,3,152,348,171,161,3,186,37,8,1,7,0,0,0,7,56,9,0,2,0,0,1,2
0K6yBUcTw3qjtNo4ZQpY,3,157,354,154,166,7,190,41,9,2,6,0,0,0,6,48,9,0,6,1,0,1,1
0KyDiQb1whgaSrmlx58J,3,150,356,171,166,9,187,39,9,4,4,0,0,0,5,55,3,0,5,0,0,1,2
0kzRDUmBLHGd4YPj7hO6,3,75,175,75,94,2,47,17,19,0,0,13,0,0,1,28,4,0,4,0,0,0,2
0LZkc7qeS39TUtVHuJB1,3,192,450,168,176,9,117,47,9,7,6,2,0,0,5,64,10,0,9,1,0,0,2
0m94tRnhgpsAUuY1L8KC,3,64,80,53,50,4,28,11,4,1,1,21,0,0,1,18,1,0,1,1,0,0,1
0mcWyK6unLRGV8Hfr97Y,3,149,348,172,172,7,187,43,13,2,6,1,0,0,6,52,7,0,8,1,0,1,1
0meUjiuJvODcf3k9z4Iy,3,60,140,61,85,3,32,11,20,1,1,14,0,0,1,24,2,0,2,1,0,1,2
0mfwTlekXE1poYAnqMRO,3,192,554,277,280,4,123,49,15,3,13,1,0,0,12,63,3,0,7,2,0,0,1
0mlhuKGpCc6OB4zwrbLy,3,69,83,53,51,2,25,7,3,1,1,21,0,0,0,18,5,0,0,1,0,0,1
0MpJYhdbf8T7InoqcXr1,3,195,540,277,271,7,120,46,10,0,8,0,0,0,9,65,7,0,2,2,0,0,1
0MQD6mnoy4l3zV8WPRYe,3,63,87,53,57,2,25,14,3,0,3,20,0,0,4,19,5,0,2,1,0,1,1
0MsQ16zDg9XVerbmfCdU,3,148,350,136,134,14,96,39,11,8,3,1,0,0,3,53,5,0,2,1,0,1,2
0NiOTDde1ktxg954SJFE,3,197,525,222,245,9,125,50,52,5,8,1,0,0,8,71,8,40,7,0,0,0,3
0OQ9MEykugoYZJrnj64d,3,149,349,171,164,4,189,42,11,2,3,0,0,0,4,56,8,0,5,0,0,1,3
0otC2dSxuGDzY6XHLkq3,3,152,404,177,233,5,99,31,48,2,3,40,0,0,4,56,6,0,2,1,0,1,2
0p8RCBnvzTYMlId9SoZL,3,89,200,157,127,4,104,21,49,2,3,1,0,0,3,35,2,0,4,0,0,1,2
0pER9ak46CKVjPoqGLcD,3,130,351,179,176,7,212,42,11,4,3,0,0,0,4,48,8,0,6,1,0,0,1
0PGoOfXAjVDBytkRH4Um,3,201,538,277,273,7,122,41,11,4,5,1,0,0,4,63,9,0,3,0,0,1,2
0pnRqtHF3dKI5MQmwT29,3,189,443,168,173,14,115,42,6,7,4,2,0,0,4,65,7,0,4,1,0,1,2
0PVAd2O4lMGUbawzfXBT,3,68,85,53,54,3,26,6,5,0,0,20,0,0,1,19,1,0,1,0,0,0,1
0qDikloYBvpQTcCOMyS4,3,242,335,137,133,6,102,37,11,0,9,0,0,0,9,54,3,0,3,1,0,0,1
0Qfd8jy2JYX3U7gFBG5D,3,149,371,172,176,10,188,46,10,5,10,0,0,0,11,53,5,0,2,0,0,0,2
0qN2U7Ayorv9IbiTW4Gd,3,192,445,168,170,7,120,43,7,2,7,0,0,0,8,70,7,0,4,0,0,1,2
0qNtRXvP8F2431bMmpse,3,190,563,222,239,9,133,61,51,3,14,0,0,0,15,74,3,40,7,1,0,1,2
0qPYfxdvNrBX6ASbZltF,3,129,343,176,159,8,209,37,15,3,4,1,0,0,4,50,5,0,9,1,0,1,1
0QqWIUsiyj3AaPwJD81S,3,250,350,137,143,8,98,33,10,4,3,1,0,0,2,53,5,0,4,1,0,1,1
0raU6iGvjZREQJYB1HX5,3,148,383,154,186,7,100,43,22,1,5,17,0,0,5,58,6,0,8,1,0,1,2
0RCcpJ1DuKNMBsaQUgmA,3,162,357,171,173,10,186,31,10,3,2,1,0,0,2,53,4,0,3,1,0,1,1
0rgi8OfjvwKbA57IXVcE,3,0,0,0,0,0,0,0,0,0,0,0,0,0,0,0,0,0,0,0,0,0,0
0RSW8EmilbznyYPIrgvD,3,155,367,154,177,6,186,39,8,3,8,0,0,0,9,52,8,0,9,1,0,0,1
0ScbCK2aI4xrwOALDmNd,3,63,176,79,101,4,44,22,24,1,2,18,0,0,2,31,3,0,4,0,0,1,2
0sh9tOC5GprAyciTmaXW,3,204,576,222,256,6,130,41,55,2,6,0,0,0,6,72,10,40,11,1,0,1,2
0SHJ2aOnMCUGdLZrTQDV,3,130,355,177,167,5,211,46,11,2,8,1,0,0,7,50,8,0,7,1,0,0,1
0SkbpFZGvraL6fQXTzol,3,62,145,60,83,5,32,13,18,1,3,13,0,0,4,22,4,0,2,1,0,1,2
0sYDNzwVMaWE2TIZeA81,3,194,532,222,250,9,131,54,50,3,5,1,0,0,5,73,7,40,7,0,0,1,3
0tNShPVGYWjcmT2yXLdq,3,153,350,172,169,4,186,41,11,1,7,0,0,0,7,60,4,0,6,1,0,1,1
0TpWNF7ULhd4Yk5bXQyP,3,203,522,222,247,5,127,46,53,2,4,0,0,0,5,77,10,40,5,0,0,0,3
0u3DIJTqnpkgl87VSbOL,3,145,358,172,175,9,186,43,14,4,5,0,0,0,5,53,5,0,3,1,0,0,1
0UcDbq2yojiThfdLRNS4,3,163,371,172,170,6,187,40,14,3,9,1,0,0,9,52,5,0,5,1,0,0,1
0ufTUZyESk6MepA7vzKJ,3,188,443,168,161,9,119,49,9,3,8,0,0,0,9,67,5,0,5,1,0,0,1
0UTxRyirCXl6tsSE5GAv,3,154,371,172,176,7,188,41,13,2,5,0,0,0,6,50,5,0,6,1,0,1,1
0UwHZzuXy7GFStRKEgdx,3,150,388,177,225,6,102,34,49,3,6,40,0,0,7,57,6,0,6,1,0,1,2
0VLen4rGI1wNjOqzyZRb,3,157,402,177,234,0,103,39,49,0,7,40,0,0,7,56,4,0,5,1,0,0,2
0wmZBjQenOTsu5bpSkf6,3,254,351,137,137,6,94,30,11,2,1,1,0,0,1,59,7,0,7,1,0,0,1
0X8fojtR6QIblypvHLsM,3,191,434,168,169,8,117,47,9,4,8,0,0,0,9,66,13,0,4,0,0,0,2
0xkbZDBOAicQJK5wC7Pm,3,160,376,171,173,4,188,35,7,0,4,0,0,0,5,54,8,0,1,0,0,1,2
0xLRN4DuvoCGbjIFQKYB,3,169,380,171,175,3,186,38,8,1,5,0,0,0,6,56,6,0,6,0,0,1,2
0XSHfwZAgYm7eFVInuDT,3,244,347,137,141,5,98,39,11,1,4,1,0,0,4,54,7,0,5,1,0,1,1
0XsnKFjqPQxzCf81DvWp,3,98,202,157,130,5,106,20,47,2,5,0,0,0,6,33,3,0,3,0,0,1,2
0qPGt4cRVk9NoiJgubf2,4,164,323,56,149,44,112,59,63,22,14,338,19,2,24,64,35,6,12,31,2,40,43
1bL4yiwCUvSOg7tBJudf,4,455,457,41,131,22,477,46,311,18,10,56,0,1,20,244,56,8,71,72,2,57,8
1eOaAY4fpV38LIdhxl95,4,296,419,52,190,98,108,10,42,5,19,231,37,0,45,36,37,2,39,26,1,48,128
1FacC02JPfxSdXeD7MEw,4,250,450,95,163,75,137,79,83,35,23,234,30,4,40,104,57,7,17,48,3,77,73
1gx83bLB4PSsYIKCTlZt,4,237,205,98,100,25,349,29,135,6,37,234,8,0,8,176,96,4,110,52,1,61,36
1PQFYMSBLAO9TmKk2Zhj,4,26,47,10,14,11,18,1,10,3,5,0,2,0,0,7,8,0,11,14,0,8,9
1S9ui2XqltCJAOGUPw7v,4,1,9,2,2,2,0,0,1,1,0,0,0,0,0,1,0,0,2,5,0,0,1
1yC7BzWHgtI2FibhQ0km,4,4,11,3,5,1,1,1,4,2,1,0,0,0,0,2,1,0,4,5,0,2,1
2CfJMa5HIn6D1d9EXbpe,4,57,93,11,31,13,37,2,19,4,7,66,3,1,1,11,8,1,20,29,1,16,12
2g4C03AeqoZR6ctiF1Qr,4,421,469,41,131,21,473,59,330,18,12,66,0,1,20,237,55,8,73,60,2,68,6
2icwOdb5xCshnIvMXfy4,4,76,150,21,61,25,60,4,26,7,19,25,5,0,3,20,16,3,26,44,1,16,24
2mYSX6J9Dd5lkpLuNMc8,4,6,20,5,4,2,4,1,2,0,1,9,1,0,0,1,0,0,0,3,0,1,1
2nNeZpSmwzACDiljoXM0,4,12,24,6,10,3,7,4,7,2,2,0,1,0,0,3,3,0,4,10,0,3,2
2qSURceVYgQEhOFAdPXC,4,153,132,44,2,17,32,0,14,0,0,5,0,0,1,26,15,0,16,9,0,0,0
2SRWXLQomgJyliq3G6BM,4,473,453,41,139,21,501,69,309,19,10,54,0,2,20,251,65,8,66,62,2,70,6
2VhINMP4oKmsnjZkY38U,4,8,14,1,9,2,6,0,1,1,1,46,1,0,0,5,0,0,1,3,0,2,2
2vzlFiPL03STnwtDhoCU,4,504,865,33,653,98,278,31,109,19,69,1460,16,1,22,192,73,2,81,112,1,104,96
2WBAlcgeu4zZbTNy713v,4,37,90,26,26,10,32,6,15,6,5,27,3,0,2,8,5,0,14,22,1,10,14
2XiGfo95mCALRbu6KzVY,4,58,100,10,50,22,43,4,21,8,7,31,2,0,1,10,10,0,17,38,1,11,17
2YNFrzjaecyUInXCDVmt,4,288,327,41,80,21,304,36,156,18,10,36,0,1,20,145,39,8,48,28,2,39,8
2ZY5e4PHsEAvkziQGFR6,4,17,42,13,17,6,15,3,12,3,4,1,2,0,1,5,4,0,7,9,0,2,8
30htxi8FRcmfUkInewlS,4,0,0,0,0,0,0,0,0,0,0,0,0,0,0,0,0,0,0,0,0,0,0
32r6nRhN1UCwtFTfy8ZG,4,0,0,0,0,0,0,0,0,0,0,0,0,0,0,0,0,0,0,0,0,0,0
32rcXoa5QI1EmxBFS9he,4,456,905,30,749,133,322,57,127,12,104,768,5,1,15,213,30,2,39,109,1,90,112
3d2x0BYR7aiJLfPNsbgo,4,8,20,3,4,3,2,0,1,2,1,1,1,0,1,1,2,0,4,6,0,1,3
3ekS6OIvjTVhQsgrqiHo,4,225,439,58,111,69,114,11,44,8,30,233,9,1,18,42,41,3,45,46,2,49,94
3hfRptP5gUEqDHlCkMYX,4,199,122,64,2,21,50,0,16,0,0,17,0,0,1,41,43,0,37,12,0,0,2
3nowFMmKJAkiNs8CaGVb,4,400,504,41,149,21,487,56,317,18,11,53,0,1,20,260,53,8,70,55,2,41,7
3OX0rbks7LQmeDcKx8C4,4,265,519,112,176,79,135,84,83,33,27,303,29,3,41,104,57,6,21,43,3,71,82
3Q8Wvm1ceyOhSajNdCUb,4,15,25,5,6,1,9,4,4,1,4,0,1,0,1,6,1,0,3,4,0,1,4
3RiBw0ntobeCh5VEQrY1,4,95,161,44,53,18,65,7,40,6,8,0,7,0,2,27,16,1,22,38,0,22,28
3WhAuJ8OlUsk2XT0ImiK,4,488,524,39,181,22,518,81,333,18,10,45,0,1,20,291,83,8,96,78,2,68,8
4AGv29WBlocjZiPIKqsp,4,18,38,4,11,7,11,0,3,2,2,21,0,0,0,6,2,0,6,9,0,5,4
4aMbnHlA9es8vKmOFR2Z,4,274,451,95,196,71,147,71,80,31,37,432,25,3,40,90,57,9,17,52,3,70,76
4AuqM30HyOajgr8SleRL,4,28,39,15,14,5,21,3,6,4,3,0,2,0,1,10,6,0,8,15,0,3,8
4GUJ7HBXO8I56WyRSMQd,4,66,70,14,39,21,33,4,25,7,8,49,4,0,0,12,23,0,18,37,0,14,24
4j5ZXQI3ghezluq1snEp,4,224,357,53,144,78,113,10,32,10,6,235,23,0,33,28,32,2,23,23,1,43,90
4QCBDTJFskOqox0H8XIL,4,51,101,10,31,13,36,5,21,5,4,78,3,0,1,11,9,1,13,23,1,11,11
4suKxkVWNqFQZLB5UfXD,4,147,252,84,90,43,103,10,41,8,23,6,13,0,3,33,41,2,45,60,1,35,51
4vNDlExnr0y2mFXUgbz3,4,0,0,0,0,0,0,0,0,0,0,0,0,0,0,0,0,0,0,0,0,0,0
4WaGm3PhidQVRopgXz7J,4,23,50,12,17,8,13,5,9,5,2,1,1,0,2,4,6,0,7,14,0,5,11
4ZBJzEqnW52fFUw0PG3v,4,471,804,33,630,105,260,34,115,16,78,1288,8,0,18,176,64,2,62,140,1,91,99
508Uk9z1gvCtucARFWG3,4,203,377,75,135,66,111,62,70,25,15,234,27,2,37,83,44,5,15,37,3,48,44
50fz3EgBdYQKMjvinR9w,4,461,869,33,674,111,294,30,113,14,90,1343,11,2,15,190,63,2,62,111,1,114,97
51rb6a438sZKqOgzwYlj,4,280,495,67,89,69,126,10,63,10,41,282,0,1,9,70,53,5,62,68,2,64,126
5aqZV2vfkm63IeXYPlWg,4,14,26,2,5,4,4,0,4,1,3,17,2,0,0,2,2,0,3,5,0,0,3
5dqijn0zcEPgONTLFRoI,4,238,404,76,160,60,116,61,68,28,21,229,27,4,29,79,43,7,21,41,2,68,63
5HbKUA1oyJDeLwhM26Fq,4,210,491,73,98,53,136,10,56,14,32,270,0,0,13,50,57,6,41,55,2,52,90
5IDvAEnUpuQH7LeloGiK,4,42,43,1,32,2,22,1,19,1,0,162,1,1,7,26,16,5,7,2,0,8,8
5JfdLYbqX8oFmD1WTg97,4,222,424,15,353,59,112,19,65,6,46,607,8,1,9,73,29,2,36,63,1,61,56
5JLHiDhkzyYPdTeuMqXb,4,436,787,33,617,120,238,40,106,11,80,1251,7,0,15,164,48,2,47,111,1,100,85
5QOWxyz7oqf9T6KIBDbk,4,125,291,39,103,31,107,11,47,13,23,125,8,0,2,40,26,1,43,68,1,34,37
5qQY8mHGLFA1pZgWPOXM,4,2,6,1,0,1,0,0,1,0,1,0,1,0,0,0,2,0,1,2,0,0,0
5QvCJULkphcYGge78RNs,4,216,344,75,139,57,113,56,69,25,22,258,19,2,29,77,45,5,9,43,2,58,61
5tQ4OCNKrDpPhWB7ngou,4,485,906,33,708,111,274,43,108,17,89,1387,10,1,17,202,59,2,71,114,1,110,107
5YMeDkHjclrCPd8OuymR,4,464,840,33,657,98,265,29,115,15,71,1249,15,2,15,167,58,2,61,109,1,95,79
5z4RdEK3fJleayugmjqH,4,106,74,43,2,19,36,0,11,3,0,10,0,0,1,40,28,0,26,2,0,0,4
60vgAOVtBRdxTMisJw5X,4,0,0,0,0,0,0,0,0,0,0,0,0,0,0,0,0,0,0,0,0,0,0
62rHUwVZ78GqfF5x1vnd,4,161,285,90,119,46,118,15,69,13,24,2,9,0,2,42,34,1,53,81,0,35,55
6cYUST29aReytkJO4zXi,4,197,375,83,139,51,120,61,69,22,24,311,18,1,36,81,40,7,20,41,3,50,43
6d0uJ9rYK1FcjRimvVNt,4,0,0,0,0,0,0,0,0,0,0,0,0,0,0,0,0,0,0,0,0,0,0
6EnhedlGIKp14bXusfwo,4,456,864,33,702,91,250,42,130,17,89,1207,7,4,15,187,52,2,59,130,1,125,76
6FnbGwkoRmj0ltYiPpZE,4,195,316,48,114,63,94,8,28,11,17,254,13,0,26,30,30,6,22,29,2,35,70
6gHI9qzDjmLhd4nWS3oi,4,18,38,4,11,2,11,0,7,2,3,29,3,0,0,3,4,0,5,8,0,3,4
6GRw1oqBOEjgbYI093UA,4,0,0,0,0,0,0,0,0,0,0,0,0,0,0,0,0,0,0,0,0,0,0
6HdwDkgvEnNh9cqlyfR7,4,138,246,50,117,40,81,39,44,11,15,203,12,1,17,52,27,3,17,42,3,55,44
6Ij39ZnpNmcdKOUe0BvY,4,327,477,66,223,114,131,8,37,7,13,265,36,1,57,24,24,7,16,36,2,33,129
6JIAcqDxegQoLzdNM91w,4,2,5,1,2,1,1,0,0,1,0,0,0,0,0,0,0,0,2,1,0,0,1
6O8i5oRFAyhBQgZ9VKNw,4,7,19,4,3,1,3,0,3,0,1,0,0,0,0,1,2,0,3,4,0,1,1
6OaQhmCAoK3e8qH7NrB5,4,255,217,131,112,35,388,25,127,5,36,234,5,1,11,203,98,7,135,77,1,74,55
6PG57gUmE2rLebCBTMno,4,290,655,95,183,91,183,14,54,15,27,278,23,1,38,40,46,9,25,34,2,48,115
6tV2UrOqmFoGua380Rhd,4,281,425,59,182,91,102,4,34,6,7,185,32,1,45,37,26,3,22,24,1,33,112
6u25JYNBy8wzSHUjqxvh,4,26,59,16,20,9,16,3,9,4,5,0,2,0,0,7,9,0,12,21,0,5,9
6VNXsCD0lueo1nw3KO5M,4,287,448,95,178,69,139,70,81,29,27,366,27,1,46,82,54,8,21,56,3,74,68
6WbENDkcC750euPGqApQ,4,52,100,13,38,16,36,3,16,7,12,43,5,0,1,15,13,0,18,28,0,10,19
6XvS9xbnOsJKrGL30NZM,4,425,493,41,151,23,518,50,291,18,11,46,1,1,20,272,55,8,64,68,2,75,6
6ZsB7guTtJqAp45VcnS8,4,11,20,3,6,3,8,1,2,1,2,1,0,0,1,4,1,0,4,5,0,2,3
74zFPGsnxZX5pqlaVUWY,4,46,23,2,15,2,19,1,24,1,2,129,0,0,6,16,9,4,10,5,0,0,15
7c06VofO9jp8dkSIunga,4,118,206,65,73,32,84,9,48,11,16,2,10,1,0,33,30,0,38,61,0,33,42
7cnyTvamsXhUi5IdSlZ4,4,64,125,36,44,15,46,3,17,5,7,4,6,0,2,18,15,3,17,23,0,9,20
7D92cJaF5QIdpA1OEhSt,4,226,417,94,168,59,128,66,63,25,35,308,22,2,35,84,55,6,16,53,3,64,74
7DSdcK2ZLkFmhlXUpzJw,4,72,102,29,44,23,41,4,28,9,13,46,6,1,0,21,16,0,28,45,0,19,28
7Ebd8M0gDHBRIjFvr6SQ,4,223,467,60,129,71,124,16,53,8,21,298,7,1,21,45,39,4,33,45,2,49,95
7eJywSFZtf9D18RxdTUM,4,276,404,63,191,84,111,13,39,7,10,264,29,0,47,34,19,5,14,24,1,32,107
7GsWJqlM3kCt62axD5O8,4,57,117,19,45,13,42,8,25,6,8,33,2,0,1,17,7,0,16,27,0,16,17
7J4un8UNCgcPYmzsyxZI,4,8,11,5,6,3,5,0,3,0,2,19,1,0,0,1,4,0,3,3,0,3,3
7KHscjvztoka0QpqYFxb,4,325,522,118,184,82,156,81,89,39,42,313,34,2,50,122,69,11,21,61,2,90,87
7LCKOhHDaXRbcFwxdnz5,4,0,0,0,0,0,0,0,0,0,0,0,0,0,0,0,0,0,0,0,0,0,0
7LRvGWSE3hKjZlcVgemq,4,2,13,1,5,2,1,2,1,1,0,0,0,0,0,1,0,0,2,6,0,1,1
7MOSHZDbnxzfhyAmqjYl,4,194,299,63,141,49,112,41,58,18,25,266,20,0,30,64,38,6,15,39,2,55,57
7OZ8auLijd26EwXcIGHo,4,213,484,77,112,46,147,16,56,11,35,308,0,1,13,53,45,8,36,54,2,39,87
7QrNYCk9O18JlZWgxmwE,4,481,912,32,736,133,338,59,105,12,89,862,6,0,17,218,43,2,42,100,1,91,77
7r4nyOFDRwkc2EgxopWV,4,181,314,89,125,46,134,14,77,11,31,1,16,0,3,49,41,5,56,87,0,45,49
7W4mwlHBPNdcFaViXsrD,4,12,16,7,5,3,3,1,3,1,1,2,1,0,0,1,4,0,4,8,0,1,4
81jMeyEZiOpJkCuBlDYg,4,443,456,41,143,22,437,63,306,18,10,54,0,2,20,262,58,8,60,51,2,70,7
849LvXpTdqesHuxnwfOG,4,268,319,41,89,21,296,30,139,18,11,27,0,1,20,142,27,8,37,32,2,40,6
8a3GEC7cPKtx0lI6qYvL,4,48,92,26,37,15,28,16,20,4,4,0,4,0,2,8,14,1,14,20,1,12,17
8EQSs7XKIkVNHL0Z41au,4,105,227,26,87,35,94,13,41,15,18,94,6,0,4,29,25,4,38,60,1,28,28
8G30bR6M9dmVXziN1Fxs,4,27,70,1,61,10,22,3,15,1,8,79,2,0,2,16,5,0,2,7,0,8,3
8gIHGUx4VBT0Kceldnbm,4,18,39,5,11,6,15,2,10,3,3,14,1,0,0,6,3,0,7,12,0,8,4
0qjuDC7Rhx9rHkLlItAp,5,0,0,0,0,0,0,0,0,0,0,0,0,0,0,0,0,0,0,0,0,0,0
1IpWLz6eyhVxDAfQMKEd,5,720,439,90,131,15,216,70,59,13,4,7,29,0,12,193,22,22,57,43,0,4,52
1KB3Z7gd5aN4Xmx8W0sf,5,467,429,85,186,15,164,87,42,9,4,1,10,0,21,159,18,17,73,70,0,3,58
2aHfrLhcPTj5GnFZXUCN,5,833,417,101,135,22,241,76,68,17,10,1,24,0,14,221,19,30,61,62,0,5,43
2pwjzv6eGEb8QmHPfxSc,5,921,935,300,247,97,207,231,164,90,143,36,13,0,117,162,104,33,197,87,2,11,70
2qAtoGOuMQZdmH3y7bEY,5,685,422,101,111,15,169,69,47,18,11,2,11,0,25,173,23,18,65,30,0,2,36
3m8kb5ILPrHcMC1o9Nht,5,665,510,112,290,30,220,66,67,30,13,0,17,0,22,229,46,24,96,73,0,4,79
3zZpqyclD9B2v5Qas18m,5,663,468,93,217,32,229,124,43,27,8,0,15,1,16,230,19,27,81,56,0,5,52
40KRbGeQZ8PwcUgt5joa,5,798,430,100,119,19,212,85,82,11,9,1,20,0,19,188,25,25,53,48,0,2,33
4UTMdcZkxzLvwygO8EuK,5,173,121,49,16,33,19,8,17,20,9,32,0,0,15,5,2,4,6,2,0,0,0
5tMCNKDogQ2x7zwUbpcZ,5,1,0,0,0,0,0,0,0,0,0,0,0,0,0,0,0,0,0,0,0,0,0
7cyYPthi5KmvXEs2NkRj,5,656,369,101,119,22,197,69,54,27,23,0,12,0,29,158,17,20,74,43,0,2,50
8wm2jYBqV30okUMfuDCd,5,433,366,86,156,14,149,65,46,29,8,3,8,0,15,145,21,14,72,43,0,3,62
AeCXyFRcU2SsgvVTpMzi,5,951,514,221,186,277,149,113,43,106,62,187,29,0,112,75,67,1,34,48,19,0,25
asKPnzUXjShMc0Tl6Wge,5,0,0,0,0,0,0,0,0,0,0,0,0,0,0,0,0,0,0,0,0,0,0
b59dlNEacoYUAyeR4Ipq,5,461,153,62,26,49,65,22,26,35,17,50,6,0,22,24,7,6,3,3,2,0,0
B6dzEY3kKIn8me9McfGg,5,639,299,121,86,14,189,80,66,27,21,3,20,0,26,196,24,16,70,52,0,5,44
bGPHZFpAL3N957064wzj,5,457,386,99,116,29,160,75,40,29,48,0,11,0,51,138,14,12,71,83,0,3,62
BKXtxeYlLsprabEWIQhn,5,525,409,163,147,247,82,87,36,95,58,148,3,0,108,38,51,0,20,48,18,0,25
cIojVJGQOtrL0S1ApeDY,5,798,1006,292,158,25,227,66,61,19,15,2,26,0,19,230,24,24,67,57,0,3,54
CRrAOvzk452LVZIGMWsq,5,565,340,82,90,17,158,74,42,23,17,2,15,0,17,155,20,13,47,43,0,2,46
cYb4XuNSqOA9IFLHseG1,5,1334,1344,399,358,162,343,111,183,117,122,79,15,0,90,215,131,50,172,117,33,23,114
DEyOUKzN2g8suv96eYoC,5,858,412,108,146,28,242,61,67,15,12,0,18,0,27,206,17,27,77,40,1,2,63
Dj3FqX9IAHco2tG1UOZS,5,531,167,73,29,69,85,19,33,47,16,68,47,0,24,24,5,4,3,3,0,0,1
dKcE7Q1zuFViSaDRUtxY,5,663,362,81,102,14,197,72,58,10,14,1,18,0,28,175,19,18,59,47,0,2,30
e2r6IncxE1LQOKFGgphj,5,660,304,110,109,15,178,63,41,26,14,1,19,0,23,171,19,12,76,43,0,2,42
EB0d2fJGLHam1tQCUDWu,5,864,871,241,160,25,239,70,67,21,15,1,31,0,18,213,29,30,77,52,0,3,52
ei0C84XpoqcAS6v5ZExI,5,0,0,0,0,0,0,0,0,0,0,0,0,0,0,0,0,0,0,0,0,0,0
epLciPaHrTu1gl4CW7Uf,5,649,371,102,95,21,181,79,61,26,13,0,14,0,17,186,15,19,67,44,0,2,45
F6nOrb9ipd0SskWuJjUw,5,0,0,0,0,0,0,0,0,0,0,0,0,0,0,0,0,0,0,0,0,0,0
FdiEeV3N8WtUSXjmcrxo,5,0,0,0,0,1,0,0,0,0,0,0,0,0,0,0,0,0,0,0,0,0,0
Fnda3PuqJT6Ep5vjOWCk,5,173,113,49,14,33,19,8,18,21,12,33,0,0,16,5,3,4,6,2,2,0,0
FsirpP0oDwXeAzC2KndG,5,656,848,215,280,37,176,101,117,59,55,4,15,0,37,196,108,47,144,58,0,0,55
fyH8oWql4rg7tEJSLpIB,5,0,413,99,0,0,0,0,0,0,9,0,13,0,0,0,0,11,0,0,0,3,0
gB105vrJPbcGCtuj7p4a,5,618,573,113,198,20,191,69,37,22,7,2,14,0,22,188,19,25,67,61,0,7,56
GbTUXFYkMoafQSe1zN94,5,728,395,104,128,20,217,68,50,17,20,1,26,0,25,193,27,23,61,57,0,0,43
GkMBlvTidr5oyYOVJCwc,5,723,375,100,90,19,213,76,56,6,8,2,17,0,24,194,18,16,53,37,0,4,35
Hc5LqZVK2yzlsb8BEfdO,5,827,433,102,140,27,217,86,80,18,22,1,20,0,35,217,22,23,92,55,0,4,52
hrguW0CqMt2mJdfvX8IB,5,1310,1331,398,349,153,338,111,175,116,119,75,15,0,89,203,123,50,169,111,33,15,101
hZiVAw5nREjHU1qodatK,5,172,85,61,63,24,20,16,27,33,13,37,0,0,14,29,42,1,13,26,0,0,18
i8WIr0dtVHSGMmwFlcUY,5,720,418,115,128,29,228,93,58,17,16,1,31,0,25,218,31,26,74,50,0,2,54
idjesBrKybwkzPXMalUL,5,460,152,62,27,48,65,22,25,34,15,49,6,0,20,24,6,6,3,3,0,0,0
02IOCvYEy8mjiuAQHax3,6,15,23,3,13,2,12,0,10,2,1,39,0,0,1,7,3,0,5,3,0,4,4
02mlBLHZTDFXGa7Nt6cr,6,291,184,55,59,46,122,29,65,11,21,36,2,0,9,66,50,5,53,15,0,8,7
03nJaQV6K2ObICUmyWoR,6,589,419,64,193,118,169,51,167,6,96,108,32,3,9,157,131,8,133,113,0,148,142
05LHG8fR3iPn6agIo9z7,6,705,365,73,183,125,436,39,154,18,84,799,23,1,10,160,121,49,145,110,1,91,84
08BX5Slp2I1FraZWbc6j,6,4975,6173,3269,2025,1333,593,1043,789,1478,1173,520,11,0,750,254,248,32,102,333,29,0,50
09CPNMYyQjSguFrE8UOf,6,5977,791,1328,169,124,123,759,218,201,222,119,0,0,147,372,10,192,2,13,1,5,4
09sXMJUHwQWVanrhzAoT,6,328,456,179,59,62,71,112,45,63,62,18,0,0,40,32,7,1,0,0,4,0,0
0BZQIJak6Pu2tyAXfrzR,6,204,192,38,67,48,76,22,72,6,37,31,8,0,3,68,62,4,56,27,0,27,34
0Cq4wfhLrKBJiut1lYAZ,6,727,540,122,172,119,257,58,110,32,41,175,9,0,43,81,57,17,85,58,0,51,31
0df4cbsTBCn1VGW8lQRv,6,300,391,155,62,61,71,101,44,48,50,14,0,0,37,28,7,1,0,0,4,0,0
0EL7OGZKozbiNCVP61gk,6,743,395,81,193,119,480,28,138,9,73,1156,37,2,9,130,125,64,114,141,0,137,133
0iZTHuQ5KMb4RtAlrz6D,6,307,351,138,57,89,75,95,38,37,34,10,0,0,54,33,5,0,0,0,3,0,0
0JnvoeflBWwIcQa5GEPK,6,309,203,52,70,51,182,32,83,6,31,60,2,0,10,78,49,4,67,20,0,10,11
0KZFcsOYR4MdPJf6VvGS,6,3113,1981,1460,92,233,96,1221,25,127,98,427,2,0,133,134,17,24,33,4,0,0,0
0MmZ8j5pn2R3VG9wlxYi,6,613,385,59,202,105,167,42,153,6,59,101,37,3,6,159,132,4,127,128,0,128,132
0NXFnJyOEhBAISKfiU67,6,285,396,160,62,60,68,102,38,53,55,15,0,0,36,22,7,1,0,0,4,0,0
0q6eABpEHSbXlIzGh7jc,6,314,2155,51,18,0,62,7,2,2,1,2,0,0,1,2,1,47,0,1,0,2,3
0sLBvJeYl5UkiRzV1atI,6,539,319,65,159,109,338,48,103,13,60,624,14,2,13,110,105,44,110,87,0,86,83
0sM2atqTo48GgnFwhQXu,6,706,382,75,207,106,553,27,125,10,61,1144,32,0,6,149,106,71,109,162,0,128,132
0sM6DQlxcP3oAfd9ZVBT,6,636,476,67,111,132,116,41,77,39,44,72,2,0,29,65,29,5,77,20,0,5,14
0TqZzRJOeno9NKpHIba5,6,2132,3020,1171,787,583,591,628,317,452,386,232,4,0,394,78,111,184,114,96,54,7,68
0uDV25KpjABxvQ1rXgzT,6,759,1016,427,186,155,320,342,144,121,110,40,0,0,88,63,78,4,51,0,21,0,0
0VnTurd7B4YsH63wUGJ2,6,124,185,52,31,29,73,24,36,5,23,2,1,0,6,66,39,1,27,9,0,5,13
13HkPY29CL8RzS0FOc5D,6,4975,6173,3269,2025,1333,593,1043,789,1478,1173,520,11,0,750,254,248,32,102,333,29,0,50
16KuXyrdDOCWGhc7P4kL,6,400,275,47,128,75,121,28,77,8,64,62,10,2,8,125,99,2,90,90,0,113,75
17jNaPkYIgvUyw9HxC5D,6,2229,2855,1115,719,563,548,596,306,444,378,235,8,0,388,82,85,177,120,84,48,10,51
19B6wSHOLmjhGPoquTbW,6,322,228,55,71,59,164,39,73,16,40,54,1,1,10,76,63,11,73,18,0,11,11
19Emlw3WgC2O4iJknVtP,6,580,336,37,176,102,144,51,137,7,77,105,30,5,3,158,124,6,126,125,1,131,133
1A7UqoIMrxHgVuW3FS9c,6,478,307,78,124,93,362,23,103,16,41,563,14,3,8,116,87,36,87,93,0,80,86
1aDvVlWtPApk6EuKLdCG,6,259,221,38,100,53,95,22,76,8,35,35,11,2,4,89,81,3,69,50,0,41,48
1cdtwSyhmiekLoH7OUEs,6,606,354,46,180,99,144,29,116,4,91,94,32,3,4,129,113,4,138,115,0,140,121
1d79vVgNkt4fMjQELaw3,6,517,361,59,152,103,151,54,137,8,72,81,29,3,5,153,109,6,101,127,0,110,90
1Fe4Dk5vSltEWj3Kpg97,6,669,396,88,169,123,445,48,134,6,73,997,25,4,7,131,112,62,128,135,0,134,130
1h7nkscUw5lDurHXPE20,6,4975,6173,3269,2025,1333,593,1043,789,1478,1173,520,11,0,750,254,248,32,102,333,29,0,50
1i2SThtkCGEplHeoJxqI,6,697,427,73,194,139,536,40,124,11,78,1088,29,3,10,174,107,68,139,148,0,133,128
1IjdZ2HuarlMYEBFbTCK,6,553,377,47,187,110,171,40,146,5,72,102,30,1,3,149,133,8,133,126,0,148,134
1MnbpHvF3KGLS49yARaJ,6,602,385,43,182,93,152,45,130,2,78,111,35,1,3,131,123,13,137,129,0,124,93
1Nu6CWGKlM4Xgi2x9a8H,6,562,370,43,179,106,142,41,123,3,72,108,31,1,5,124,105,13,123,129,0,123,117
1R0pmNFb5znDi6aTVeZt,6,695,369,61,193,130,380,31,125,8,76,1139,30,0,8,140,116,84,97,142,0,109,152
1rc8uNR5MiqVm6Do0xSH,6,5560,735,1253,142,126,117,748,214,203,206,116,0,0,135,356,14,174,3,19,1,6,3
1Skcwz5YxWihMqIyt30X,6,616,407,47,186,125,162,47,143,4,101,110,25,3,1,158,154,4,121,129,0,134,117
1sVJGxyIi5AYblaRtu4e,6,2340,3055,1130,744,594,584,648,331,444,426,235,9,0,408,115,96,198,110,88,49,9,61
1T0BWPoJVtNFzsycKhlr,6,2336,3082,1162,785,640,547,609,310,540,404,253,6,0,423,83,96,201,118,91,86,10,88
1UfOQcbmP40I298aeCpJ,6,822,686,150,191,151,275,86,137,45,64,166,10,0,33,112,77,15,105,52,0,51,37
1WCXg8qEtJFITMilaf6k,6,337,351,138,57,99,77,99,40,37,34,10,0,0,62,37,5,0,0,0,3,0,0
1yIvRAMqz0K6xXPBZfQ8,6,330,2339,50,17,1,62,5,4,2,4,1,1,0,1,5,0,46,2,6,0,12,2
1zOQywEgDm4CquxkWrJd,6,759,1016,427,186,155,320,342,144,121,110,40,0,0,88,63,78,4,51,0,21,0,0
21l6VM9tKEuCUhL7DjeY,6,1324,2007,870,175,540,146,167,129,324,207,294,28,0,275,88,100,70,57,119,35,0,46
27c0DulJmYsz8ajZULHC,6,15,23,3,13,2,12,0,10,2,1,39,0,0,1,7,3,0,5,3,0,4,4
27V4S1ncC3fj0gitGuDI,6,292,246,41,75,43,65,28,85,3,24,42,5,0,3,88,60,0,64,41,0,46,49
2Bd4uWfoseKRLOF7ngE3,6,797,605,116,170,135,231,63,119,34,45,146,8,0,41,94,48,22,92,47,0,50,32
2bdEFfrZnB04XGIDig3t,6,783,587,125,150,119,201,48,139,26,64,118,8,1,36,117,71,11,94,42,0,40,29
2cSXHIY6r89uUvsZfqzE,6,283,211,41,83,50,91,23,65,7,35,43,15,3,7,89,67,4,70,39,0,46,40
2e5P1iKzXugGRBFfOEnc,6,2064,2913,1072,669,504,581,633,282,434,412,243,2,0,391,78,104,189,116,85,53,9,71
2eJq8SOvi1Bs4T9XNEj6,6,337,351,138,57,99,77,99,40,37,34,10,0,0,62,37,5,0,0,0,3,0,0
2FpVtbaHJWAG0ImwTzxU,6,295,391,155,62,60,70,101,42,48,50,16,0,0,37,27,7,1,0,0,4,0,0
2g9xU7Md0IsoLb5f4QPR,6,307,351,138,57,89,75,95,38,37,34,10,0,0,54,33,5,0,0,0,3,0,0
2j4t9uRGXVnsH8hxEZi7,6,365,243,36,109,70,109,27,101,4,47,67,12,3,4,100,71,1,78,72,0,81,67
2JfpcM9ACq4XatFLho8z,6,285,398,160,62,62,68,101,38,51,53,16,0,0,38,22,7,1,0,0,4,0,0
2jHV3wyk5aDGBs9SFCvW,6,256,212,49,86,46,96,29,66,2,28,43,4,2,4,98,71,1,73,45,0,54,42
2LEOmN89p57jGayvcXet,6,888,655,160,165,129,274,82,134,45,57,103,4,1,35,142,83,7,110,38,4,40,30
2mBVr9lk6YuoNQH4AxvT,6,4975,6173,3269,2025,1333,593,1043,789,1478,1173,520,11,0,750,254,248,32,102,333,29,0,50
2nr0GTSxN4zKobZqwpy6,6,295,391,155,62,60,70,101,42,48,50,16,0,0,37,27,7,1,0,0,4,0,0
2ondxDIwf4si7URbH1ZJ,6,680,531,89,139,128,219,60,95,35,41,162,7,0,34,85,52,18,70,37,0,33,37
2oPaLFU6SQDdZ45Wu0EB,6,244,167,35,71,39,85,23,69,3,37,29,13,2,5,76,47,2,57,48,0,44,41
2v5AchX1bsjnKpGg6Vdm,6,285,396,160,62,60,68,102,38,53,55,15,0,0,36,22,7,1,0,0,4,0,0
2wZdP0yYzleC73s5WG1m,6,2154,2938,1142,746,495,575,624,275,370,366,237,4,0,380,81,113,199,131,78,42,10,49
2xeFtR57KZvX0JndE1rH,6,245,259,61,60,31,83,34,64,4,36,35,8,0,6,71,67,3,49,37,0,47,52
2zN5EbfhwyZKgGodjiQu,6,553,434,69,104,108,112,32,67,30,23,72,3,1,24,49,31,9,67,20,0,9,6
30gAEOLxoS2XGWFa8cTr,6,834,557,114,195,134,246,54,114,42,57,150,4,0,37,88,66,16,85,54,0,44,40
387RdPoyKxJIZr1YNcO6,6,584,357,47,215,94,157,32,120,5,85,111,25,4,9,127,124,5,121,120,0,118,131
3Cb9mdkictPwsSOTKUIY,6,768,1117,458,183,135,330,355,137,118,122,39,0,0,87,58,79,4,51,0,21,0,0
3CPhpEu8klwsgLmRMeWx,6,5484,736,1259,133,101,120,701,206,171,205,144,0,0,148,329,17,170,4,12,1,7,2
3dTW6tCkHoQyrBAc2ZmF,6,286,212,55,68,40,130,30,69,9,24,70,1,1,9,66,52,7,52,24,0,8,13
3fgNi5Fk1QVMqKBXEUnw,6,663,336,33,196,108,173,33,139,6,102,94,24,9,7,143,130,7,129,135,0,148,126
3HJ4foTSEmRz6jXPwg58,6,337,351,138,57,99,77,99,40,37,34,10,0,0,62,37,5,0,0,0,3,0,0
3IZHa2xXVu6KrgNoPd9W,6,546,324,30,166,110,146,38,142,3,63,113,24,2,5,142,137,7,121,101,0,121,118
3JI0t7rP5HE6YgwTbjoC,6,1155,529,163,293,238,258,60,171,56,112,175,27,3,67,209,148,9,146,135,1,149,124
3MG6tJEmkClb5pB0aOQT,6,337,351,138,57,99,77,99,40,37,34,10,0,0,62,37,5,0,0,0,3,0,0
3NkDlyOHUWc2Qjzgh9dV,6,635,382,91,191,105,461,44,131,5,75,857,33,1,9,112,107,63,123,100,0,119,118
3nxujXtip8hGHb6ZQdA4,6,624,394,50,189,100,159,31,143,6,47,107,25,5,9,136,133,4,130,116,1,114,146
3QYwp0UhaluvGBfbmg86,6,2173,2763,1023,718,572,540,599,285,434,355,225,8,0,368,85,94,183,109,72,77,10,51
3UBNSVDERQHw0cGdsWrq,6,1262,966,289,116,156,210,155,47,82,49,70,2,4,47,104,57,14,59,28,31,0,3
3VdhPHBJMc1nzEyqARWj,6,569,318,28,184,106,137,28,141,2,82,95,32,2,5,124,129,4,127,120,0,140,134
3wNfTntvMkpl8LuY0WPm,6,609,312,31,182,96,162,31,129,5,90,84,22,8,7,125,122,7,117,128,0,134,117
40dBpWDhOUzZ5yVAKJF3,6,749,575,133,154,103,240,56,140,37,48,131,4,2,29,125,68,13,128,49,0,42,23
41bvS96LOdtCgmxfEhTs,6,307,351,138,57,89,75,95,38,37,34,10,0,0,54,33,5,0,0,0,3,0,0
41o3zDTReYVFtpOB7EWl,6,1135,527,153,327,236,262,75,205,56,113,171,29,1,64,218,171,3,135,162,0,146,134
41sxuO3ZpR5vAc0Kbjqe,6,350,2308,50,16,2,61,6,2,1,2,4,0,0,1,3,3,45,0,9,0,5,1
42CRGozVilaAYTK3p1Zh,6,616,375,51,169,101,179,49,128,6,73,98,31,5,4,133,120,11,129,104,0,112,120
43ErcSLOBzy6upN9gPKG,6,482,265,62,112,78,240,32,96,17,38,469,12,2,9,109,73,30,76,71,0,56,40
45aTQcuSVrGxZ62vHLbw,6,337,351,138,57,99,77,99,40,37,34,10,0,0,62,37,5,0,0,0,3,0,0
45bI6DlJUGh8KF01ExTW,6,625,412,90,151,108,360,48,113,5,83,1070,27,3,4,150,110,64,108,126,0,120,131
45Vh6aQiPqovLmgMFXdw,6,307,351,138,57,89,75,95,38,37,34,10,0,0,54,33,5,0,0,0,3,0,0
496EYbjny1LlaK3sr5Zu,6,356,284,98,86,47,220,43,104,15,42,83,6,0,14,108,82,12,83,33,0,19,24
49epoGtYixcgnkfwJ2dv,6,2069,2869,1077,683,587,587,618,281,439,374,217,6,0,363,59,114,178,112,97,66,8,49
4AlXcLmdg8JIsuxta617,6,2372,2950,1139,739,576,617,618,302,416,401,235,4,0,427,109,111,201,124,71,64,13,49
4bHkABPdfrjn2DYO97g0,6,2238,2917,1077,773,522,564,606,277,425,353,248,10,0,352,89,78,192,121,70,69,8,67
4BqR2fxGsol50irLHIU9,6,324,2238,51,17,1,64,5,2,2,2,0,1,0,1,2,0,47,1,5,0,10,2
4cPt7qBs9CEIgNkhRXKM,6,6134,752,1343,157,121,135,836,194,199,208,139,0,0,141,369,10,196,5,22,1,8,4
09LXtWxm1EbK5uVqcQS3,7,68,283,119,81,1,3,4,3,0,4,1,0,0,6,2,0,39,0,0,1,0,0
0ACDbR5M3ZhBJajygTuf,7,818,25,9,14,355,9,70,105,264,61,85,0,0,252,1,48,2,51,1,0,0,2
0b5LqcWix3J4fGIEhXQu,7,71,239,119,81,1,3,4,3,2,2,32,0,0,2,2,0,39,0,0,0,0,0
0BIdbVDEgmPwjYF4xzir,7,66,294,119,82,1,3,11,2,2,7,1,0,0,7,2,0,39,0,0,1,0,0
0eN9lyQfwmTVk7C2ZoYp,7,70,236,119,81,2,2,7,1,2,6,32,0,0,6,3,0,39,0,0,0,0,0
0hZEqJ5eMVjU21HAG7Ii,7,76,278,119,80,0,3,6,2,1,4,0,0,0,4,3,0,39,0,0,1,0,0
0KgE6ksUeytoHfl2cT4r,7,65,279,119,80,1,4,6,2,1,3,0,0,0,4,2,0,39,0,0,1,0,0
0LAXajqhQy7po16dw8Tx,7,72,290,119,80,1,3,7,2,1,4,0,0,0,5,2,0,39,0,0,1,0,0
0M7aSiE9csDzkmfKheVt,7,71,250,119,80,1,3,6,3,2,4,32,0,0,4,1,0,39,0,0,0,0,0
0PlfqyKM1JtYZx2me5FU,7,76,296,119,80,1,3,4,3,1,4,0,0,0,5,2,0,39,0,0,1,0,0
0xfjbVBPYX1pSt4rdWOe,7,711,28,9,15,256,13,46,104,180,51,254,0,0,208,4,55,2,37,1,0,0,2
0YJRabHQ1reDxN3yjUCd,7,32,50,12,20,0,4,1,1,2,11,35,0,0,1,5,0,3,0,2,0,2,0
18S9URJgMWqua2TZevsh,7,72,242,119,81,1,3,11,3,1,8,31,0,0,9,1,0,39,0,0,0,0,0
18te652nLyCi3IrZqMOJ,7,76,371,119,159,0,2,3,1,1,4,0,0,0,4,4,0,39,0,0,1,0,0
1FAxSngsym35phwROGl0,7,72,372,119,158,1,2,7,1,1,4,0,0,0,5,4,0,39,0,0,1,0,0
1Flm7qajnOzdtwBZ29gL,7,72,298,119,83,1,3,10,3,1,7,2,0,0,8,1,0,39,0,0,1,0,0
1GKhFnumAdIeykS3rZYi,7,73,288,119,80,1,4,7,3,1,7,0,0,0,8,1,0,39,0,0,1,0,0
1iWTJCzlSZgempU2xf04,7,63,239,119,82,1,3,8,3,1,6,31,0,0,7,2,0,39,0,0,0,0,0
1jinhWv67o4ODebAw5Q2,7,72,295,119,83,1,2,10,2,1,7,0,0,0,8,2,0,39,0,0,1,0,0
1JPWLhrtsalBVpyGSKw5,7,66,367,119,158,1,3,8,2,2,6,1,0,0,6,2,0,39,0,0,1,0,0
1JuwbkFyUg7T6KfoNEjp,7,68,290,119,80,2,5,7,3,1,6,1,0,0,7,0,0,39,0,0,1,0,0
1KCvMqIFUoaB6wfOc2xQ,7,64,287,119,80,1,3,6,2,2,4,1,0,0,4,3,0,39,0,0,1,0,0
1KjZ4An78sOytkzgRL0E,7,67,372,119,157,1,4,6,2,2,4,1,0,0,4,2,0,39,0,0,1,0,0
1NiArstKkEmMf0vjDd7l,7,73,302,119,82,1,4,6,3,1,5,2,0,0,6,1,0,39,0,0,1,0,0
1nLqk0H5NYdR4OiJ6mob,7,72,288,119,80,1,3,5,3,1,3,0,0,0,4,2,0,39,0,0,1,0,0
1QuMnTw8zc3oWLSZ4KXt,7,67,297,119,82,0,2,7,1,1,7,0,0,0,7,3,0,39,0,0,1,0,0
1vhszDdnUVgZ9M5kRYQx,7,71,286,119,80,0,2,7,1,1,6,0,0,0,6,3,0,39,0,0,1,0,0
1YSNBUsrXKc3hWq7IayR,7,71,375,119,157,1,4,3,2,1,3,0,0,0,4,3,0,39,0,0,1,0,0
21ORx5nk8fcZH4eWDImo,7,703,32,10,16,243,4,45,93,198,45,425,0,0,185,5,52,2,42,1,0,0,2
25JcvPNOIBXgSrAEtpUy,7,70,321,119,159,1,4,6,3,2,4,33,0,0,4,1,0,39,0,0,0,0,0
28U1hRkQ6Yl57493ZdXD,7,70,224,119,80,2,4,8,2,2,7,31,0,0,7,1,0,39,0,0,0,0,0
2AiNV4msBIWd51whz9Xp,7,75,365,119,157,1,3,5,2,1,3,0,0,0,4,2,0,39,0,0,1,0,0
2gwSoct3BzRUvajVeCLu,7,70,239,119,83,1,3,7,1,2,6,31,0,0,5,2,0,39,0,0,0,0,0
2hwAeJRIM54fmCEaYdbn,7,60,305,119,156,0,3,6,3,1,4,31,0,0,4,3,0,39,0,0,0,0,0
2IOMPurW3V9GQcbh08jE,7,71,298,119,81,1,4,5,2,1,5,0,0,0,6,2,0,39,0,0,1,0,0
2oMjFb1UfIym9ZgxDPqG,7,69,343,119,157,1,33,12,32,1,10,0,0,0,11,2,0,39,0,0,1,0,0
2r0UYLcKCxnRovpj5dlQ,7,821,48,15,19,323,29,69,99,257,53,521,0,0,246,22,67,2,60,10,0,5,7
2UBy1ZDIiOxJHNnX35Mf,7,67,289,119,82,1,3,6,2,1,3,0,0,0,4,2,0,39,0,0,1,0,0
2v1WwXSQbf3RrN4eTG8l,7,66,366,119,157,1,3,10,3,2,7,1,0,0,7,2,0,39,0,0,1,0,0
2xlhAE5LO8RFfczB6ep3,7,74,301,119,81,0,2,9,2,2,8,1,0,0,7,2,0,39,0,0,1,0,0
2ZlLcMw4Vkim1pNYXj9v,7,69,366,119,157,1,3,5,3,0,4,1,0,0,6,2,0,39,0,0,1,0,0
35B8Vh0Q9k4STsiCtKx2,7,66,280,119,83,0,3,6,2,1,4,2,0,0,4,1,0,39,0,0,1,0,0
35dbDR8KSIwZNAPlcgTi,7,59,233,119,80,1,2,8,1,1,3,31,0,0,4,2,0,39,0,0,1,0,0
36jPFlq7zebvLdED82Up,7,74,365,119,160,2,4,7,2,0,6,0,0,0,8,1,0,39,0,0,1,0,0
37Og0blzE4WYpZ5c9LMN,7,68,234,119,79,0,4,6,3,2,5,32,0,0,4,2,0,39,0,0,0,0,0
3eHwdBolFKi4PahtXSyg,7,69,244,119,80,1,3,11,3,2,8,31,0,0,7,1,0,39,0,0,0,0,0
3mpsxg2FODqCAXHbMKPi,7,75,246,119,79,1,4,10,3,1,8,31,0,0,9,1,0,39,0,0,0,0,0
3y7txXDPZ1RneiGcgC65,7,65,367,119,158,1,2,4,1,1,3,0,0,0,4,3,0,39,0,0,1,0,0
3yALVj1gQbw6HfK4WMvl,7,774,28,9,13,314,7,59,89,223,47,396,0,0,241,4,52,2,52,1,0,1,3
4c3h7j0QyqIgnKFzA5vR,7,72,318,119,156,1,4,6,2,1,3,31,0,0,4,1,0,39,0,0,1,0,0
4EB7To6p1z8FAQekCjZi,7,70,283,119,83,0,3,3,2,2,3,1,0,0,2,3,0,39,0,0,1,0,0
4Eo8QvuZFWCBR6i0rhs7,7,65,365,119,157,1,5,8,3,1,6,2,0,0,7,1,0,39,0,0,1,0,0
4fYojiJ3XwcILTA6KlWu,7,66,232,119,79,1,4,6,3,2,3,32,0,0,3,1,0,39,0,0,0,0,0
4wv86XGCOkUWEAPrJtDi,7,33,53,12,23,0,5,1,2,2,10,32,0,0,1,5,2,2,1,1,0,3,1
4YUVqM7twOzoH2ABPJIi,7,75,335,119,159,2,33,5,33,2,3,1,0,0,3,2,0,39,0,0,0,0,0
57aolZC6XSxqr2HiGsfV,7,67,295,119,81,1,3,5,2,1,4,0,0,0,5,3,0,39,0,0,1,0,0
5dmG6aSUptLVBfiJ40ZA,7,74,249,119,81,0,3,8,2,1,5,31,0,0,5,3,0,39,0,0,1,0,0
5EVhC0IMi1dNb7TtgxRa,7,65,322,119,156,1,4,9,2,1,5,31,0,0,6,1,0,39,0,0,1,0,0
5FyHhsqWCcxTkAS7wVlD,7,72,330,119,157,1,31,4,31,1,5,0,0,0,5,3,0,39,0,0,0,0,0
5KESjOTGuqF2or1sxB7H,7,79,379,119,159,1,3,8,2,2,6,1,0,0,6,2,0,39,0,0,1,0,0
5mTjuSpdDG8k1IBHaPqY,7,67,358,119,157,1,3,7,2,1,5,0,0,0,6,2,0,39,0,0,1,0,0
5PBvwNE8sCzm1bjUlf6A,7,74,312,119,157,2,3,9,2,2,6,31,0,0,6,1,0,39,0,0,0,0,0
5QjzywcSG4XLhNRt8unq,7,68,283,119,81,1,5,5,3,0,4,1,0,0,6,0,0,39,0,0,1,0,0
5RiZwJtzlyDGbO7uAhsn,7,68,277,119,80,1,4,3,2,2,1,1,0,0,1,2,0,39,0,0,1,0,0
5XPfYvNdQRIBJoWmj3Os,7,67,291,119,82,1,3,6,3,1,3,2,0,0,4,2,0,39,0,0,1,0,0
670isB8fzGbAXI3HmUoF,7,65,367,119,159,1,3,10,2,1,9,1,0,0,9,1,0,39,0,0,1,0,0
67LFYMBVhdD3Jo2UGRSX,7,67,279,119,83,1,4,7,3,0,7,1,0,0,9,1,0,39,0,0,1,0,0
697TFDm0KRiZIgB4pJG1,7,72,376,119,160,0,3,7,2,1,6,2,0,0,6,2,0,39,0,0,1,0,0
6B2JSV7e5Ik8lAM9WqPG,7,693,33,10,15,266,9,56,91,185,48,345,0,0,208,3,44,2,34,2,0,0,2
6bNyjTBJFmHOoiXYZQ3W,7,78,325,119,156,1,3,9,2,1,7,30,0,0,7,2,0,39,0,0,0,0,0
6CbnMfItA5py0odwQjPR,7,63,285,119,81,0,3,5,2,1,5,2,0,0,5,2,0,39,0,0,1,0,0
6cylqphx5sHCm4fYBEdK,7,74,234,119,81,1,2,6,2,2,3,32,0,0,3,2,0,39,0,0,0,0,0
6gHQkuhNCliso84zvqMG,7,66,295,119,82,1,3,11,3,1,9,2,0,0,10,1,0,39,0,0,1,0,0
6iSL1WkDHVIUqJzGmnhN,7,759,47,15,17,282,31,61,92,208,35,305,0,0,218,20,52,2,56,11,0,4,5
6McvAWZj4285L7XPrwnE,7,68,342,119,157,2,33,9,33,1,6,0,0,0,7,2,0,39,0,0,0,0,0
6nyOgqz1XDCm9QsK4BRv,7,71,366,119,157,1,2,7,2,1,6,2,0,0,7,3,0,39,0,0,1,0,0
6WrBNPTRljxmLahZzo5s,7,62,250,119,84,1,3,7,1,2,7,31,0,0,6,2,0,39,0,0,0,0,0
7cx4QdBWg9wMa2pvOLuo,7,39,53,14,24,0,6,1,1,2,12,31,0,0,1,5,0,3,0,1,0,2,0
7edjQGTXowvNgS9uVi5J,7,814,43,14,17,317,28,74,97,224,47,170,0,0,246,18,55,3,47,11,0,4,5
7eQUvHRSh2WZ5CFm4zdw,7,68,232,119,81,0,2,9,2,1,7,30,0,0,7,2,0,39,0,0,0,0,0
7h32P6rADjMVEQuoOJIB,7,977,28,9,15,468,13,95,101,324,76,462,0,0,369,4,73,2,79,2,0,1,2
7KqfVlEBOmr6tTQewNG8,7,72,245,119,82,1,3,9,3,1,6,31,0,0,7,2,0,39,0,0,0,0,0
7ptdL0VO1BzPlWXnGHwJ,7,65,238,119,79,1,3,8,3,1,4,31,0,0,5,1,0,39,0,0,0,0,0
7QvXGmHYhSibDW9IwU6O,7,74,245,119,81,1,3,8,3,2,5,33,0,0,5,2,0,39,0,0,0,0,0
7Tqx4LAfG8hZHivBO0CD,7,69,280,119,81,0,2,8,1,2,8,1,0,0,7,3,0,39,0,0,1,0,0
85m4HMaLjpTxtlovqZw0,7,70,289,119,82,2,4,9,3,1,7,1,0,0,8,0,0,39,0,0,1,0,0
86kXs2U1IEtu7d3fvxJY,7,66,365,119,157,1,3,9,3,0,6,1,0,0,8,1,0,39,0,0,1,0,0
87zKHh2vErX6McwSZQyT,7,70,273,119,81,1,33,7,32,1,6,0,0,0,6,2,0,39,0,0,0,0,0
8dW2hOcgRfSTnapKVHwl,7,60,241,119,81,1,3,5,2,1,5,30,0,0,5,3,0,39,0,0,0,0,0
8Ek93sPoaJVSyhrKwXQe,7,73,290,119,82,2,3,4,2,0,3,0,0,0,5,2,0,39,0,0,1,0,0
8GoaOMPuBA3slq2J4TEd,7,686,35,10,14,287,10,53,101,208,41,273,0,0,218,4,49,2,51,4,0,2,3
8iDWJ4yKzNSAQjnxwO70,7,72,321,119,159,1,3,6,2,1,3,30,0,0,4,1,0,39,0,0,1,0,0
8kVfT5MmuErjvdPsZxIY,7,65,312,119,159,0,2,6,1,1,4,30,0,0,4,2,0,39,0,0,1,0,0
8nEhOVz5vMCKpNrBRg2D,7,64,372,119,158,1,3,5,3,1,4,2,0,0,5,1,0,39,0,0,1,0,0
8QqTlOsYx5oLychRPgX3,7,65,286,119,82,0,4,6,3,0,5,1,0,0,6,2,0,39,0,0,1,0,0
8vLGE0QNUBHaK3dt5hyl,7,66,339,119,159,2,32,10,32,1,7,0,0,0,8,1,0,39,0,0,0,0,0
974hJRWKfvXaTtNoqMGl,7,72,336,119,158,1,34,8,32,2,6,1,0,0,6,2,0,39,0,0,1,0,0
9C7P6vDFXbryOshpKcfn,7,62,371,119,160,1,3,9,2,2,6,1,0,0,6,2,0,39,0,0,1,0,0
9dbFYQ1xN2cm7pSPMhnL,7,66,358,119,157,1,3,10,3,1,7,2,0,0,8,1,0,39,0,0,1,0,0
9ftj5a4V8hCr3pTAUiGl,7,74,280,119,80,1,4,7,3,0,5,1,0,0,7,1,0,39,0,0,1,0,0
01SuzwMJEIXsK7A8dQbl,8,2535,402,194,40,182,427,18,19,78,6,72,4,0,66,363,13,2,17,8,23,9,13
04hSzLv5s2TDYPlcgpHB,8,2299,397,181,29,175,388,16,18,73,5,68,2,0,64,330,19,2,14,11,23,4,8
0AguvpOCcaf2myVDYFGb,8,289,72,25,14,71,62,16,23,11,0,50,0,0,17,43,17,2,19,18,9,3,24
0aKlH1MRxLmv34QGhEJP,8,406,78,29,13,107,86,11,22,18,1,41,16,0,19,51,37,2,34,31,56,0,31
0aVNj3qFgEZI6Akf4Kuv,8,2372,397,130,25,164,375,17,12,69,2,68,1,0,62,378,17,2,16,4,23,3,4
0aVxkvmflEizUBG2rMT4,8,2532,379,176,24,181,417,16,14,77,4,73,2,0,66,363,9,2,17,9,23,5,5
0BFIPv1rO83whtpMYyAs,8,2539,390,135,31,180,420,17,12,78,4,73,1,0,68,359,12,2,16,6,23,10,7
0BY2iPso3bEmudlUzpfq,8,1592,168,41,49,127,399,44,412,32,14,32,33,4,48,283,109,10,124,34,30,2,19
0C4aVbN58O1nAigFJt9z,8,2779,2635,889,499,843,116,271,159,534,424,246,18,3,407,78,107,126,62,135,94,13,77
0cTu2bkefOAJqIhYUWFK,8,924,701,264,126,172,99,107,64,109,102,102,7,2,76,47,31,33,13,43,29,6,29
0fhnXI9ESr4jgWmkiaTe,8,2544,391,137,25,181,424,17,16,78,1,70,1,1,66,365,14,3,12,9,23,9,9
0giIqhw6e4mrHYzKFl8T,8,2528,381,203,28,180,420,16,11,78,1,72,2,0,66,362,13,2,13,4,23,4,11
0H5OFklQm7wAPfE1qaJY,8,2535,383,203,30,177,419,16,18,77,7,70,1,0,67,361,13,4,12,5,23,3,10
0hAlkjTR1Q6PewMczavb,8,337,81,31,18,85,71,16,26,18,0,50,0,0,19,38,27,2,22,21,12,3,18
0HKFs3AXTt1IrOl52eVu,8,2113,330,172,45,167,345,29,13,62,2,72,1,0,73,297,9,4,13,13,24,16,39
0HVAnMrp1LjKDmuoOJFY,8,2295,389,142,28,176,388,16,22,70,6,70,2,0,64,323,16,2,15,2,23,3,10
0ItXlAUOhK8ZYdDf7HW4,8,2539,389,202,26,184,425,16,11,77,2,72,2,0,66,359,11,3,12,12,23,5,5
0Iv6U2hbcP1xeBitW5Oo,8,0,0,0,0,0,0,0,0,0,0,0,0,0,0,0,0,0,0,0,0,0,0
0J61YGoWjV25TzxeSluf,8,2315,395,168,35,174,396,16,19,70,5,74,3,0,63,330,14,3,20,8,23,13,8
0jKSsqXVHNucByZ9l6Ao,8,2299,399,148,26,175,389,17,20,70,2,70,4,0,62,326,12,3,19,5,23,9,3
0mgFnqeLAMr7jthUYRTv,8,2544,390,203,36,185,424,17,18,78,6,72,0,0,66,361,13,2,21,7,23,6,4
0nxrvcZJUBNGM8Vg4SRf,8,2538,386,204,33,178,417,17,12,79,0,70,0,0,66,361,16,3,15,4,23,7,9
0pLrSeQMbqfCc2IZHUaO,8,2392,408,172,37,168,383,19,13,69,3,69,3,0,62,381,22,5,27,7,23,14,7
0Q4ALVSRnlHUBjyOb1sw,8,33,15,5,3,5,18,7,2,4,0,8,0,0,12,15,2,0,4,8,0,2,3
0QK142N5HoBntC7RydAh,8,2128,331,171,52,169,351,27,15,63,3,74,0,0,74,295,11,3,15,14,24,17,44
0R3rxkTidWOuPI5MUbL6,8,2532,381,204,28,181,419,16,12,77,3,71,4,0,66,359,15,2,12,4,23,6,6
0rGlKyvn5Vo67RaDhPti,8,2547,394,203,37,184,420,18,16,78,10,77,2,0,68,365,16,2,17,12,23,10,13
0RlWbvBk9rEtVZ74KAen,8,364,91,34,17,86,58,11,18,58,2,54,6,0,19,33,16,3,16,27,19,0,18
0SaYqdFRA5G7rfktjT63,8,446,95,36,22,110,68,11,26,29,4,46,5,0,20,58,27,2,40,27,38,4,28
0SHsZKUkI2iN1Rw4be6E,8,2537,385,166,33,182,422,16,16,77,6,74,1,0,67,359,16,3,18,5,23,4,10
0Tw8aQsVxMlZgFDPUm21,8,2304,395,147,27,173,390,17,22,71,0,69,1,1,62,325,15,3,15,5,23,10,5
0u3fjhzJ2ZMyAgKYkVF9,8,382,79,27,20,100,83,11,22,19,1,58,5,0,21,51,30,2,41,31,41,6,22
0u4QcXSNvYnMalOBCygH,8,2120,324,124,50,166,346,28,17,62,10,73,4,0,72,298,7,3,15,18,24,14,41
0UYATSktwajsiO8LWpx2,8,2295,391,180,27,173,388,18,19,70,2,71,2,0,62,325,15,2,18,2,23,9,4
0w2LlG4eiBfby9JIMZgS,8,2543,387,203,31,179,432,16,19,77,6,71,2,0,68,365,17,3,17,13,23,15,14
0wkFafuhqSr1Z5J7K6C9,8,1468,430,182,49,256,235,60,31,64,0,149,5,0,145,100,58,6,41,0,36,0,0
0wqQj9ngaAVxI4SLr5H7,8,2532,387,206,34,184,419,22,12,78,1,71,5,0,68,363,11,5,14,7,23,9,9
0wtIHxfBDmYRQ7GWSaTj,8,2539,390,179,31,184,423,17,15,77,3,74,2,0,66,362,17,2,15,7,23,11,9
0XnPCouGZdhIKliOFQHr,8,2534,384,126,31,178,415,17,11,78,3,73,1,0,66,363,12,4,14,1,23,8,10
0XrH26wcU1ASsvK5ZqhD,8,526,152,55,36,118,79,16,38,76,9,68,1,6,30,46,17,9,25,26,25,6,16
0ZAJlqmphO4fjnVB6bMz,8,2532,397,205,32,185,424,17,12,77,6,73,4,0,66,361,19,3,18,5,23,10,5
0zr6vIw74DgVSKXiRUY1,8,2542,387,185,33,183,420,16,14,78,6,71,2,0,66,364,11,3,16,8,23,5,9
14DUiwIb5xrfkF30cThJ,8,2539,386,205,31,178,419,16,15,77,5,69,3,0,68,365,14,5,13,12,23,7,13
15sGnFeEvMIgpQ8acbUu,8,0,0,0,0,1,0,0,0,0,0,0,0,0,0,0,1,0,2,0,0,0,0
15uCdAByiF48LpZ3YS6Q,8,2528,387,129,26,182,419,17,16,78,3,71,4,1,67,361,11,2,17,3,23,8,8
17qvV08gWM3LtoZKS9d4,8,1358,1936,668,260,423,119,190,138,278,147,306,3,0,188,84,59,67,56,95,26,14,45
18AD5lV4StiZfN0pmdGj,8,1874,989,412,301,318,99,143,115,224,163,207,8,0,216,78,98,120,44,47,27,4,38
19emSiJG8vrZgT2zXEIY,8,2390,402,173,34,167,387,18,15,69,4,69,5,0,62,381,18,2,26,12,23,6,18
1AFY9HiVpuymkQOeoDMU,8,2298,402,182,31,180,390,18,19,70,6,70,2,0,63,326,16,2,16,5,23,6,6
1ARrSUKCbhWeTFyjp4ix,8,2313,396,176,31,176,395,19,21,71,6,75,3,0,63,328,15,2,22,15,23,17,13
1AXEyUDVt42T6ZFx8COo,8,284,29,5,7,71,32,48,9,24,0,23,14,0,8,67,6,0,21,30,35,2,7
1BM4l8DCZmSpoYwE9Qcv,8,2544,398,129,29,187,421,17,14,77,7,72,2,0,66,367,17,2,18,11,23,3,6
1dJWqVSQnsAKBXNkgy6j,8,2541,391,204,31,185,421,17,12,79,8,71,2,0,67,364,16,2,15,12,23,12,8
1esMpo6SAPHiTUGEb3Bt,8,2547,388,159,31,179,420,17,14,77,3,70,2,0,66,359,13,3,14,3,23,5,4
1ezc5qf2alj08CsSw7Er,8,2530,389,203,32,182,419,18,12,77,6,70,0,0,67,358,11,2,13,8,23,9,12
1f0427Tk3POoeFMpG9IR,8,2542,391,178,25,177,424,18,13,77,2,72,4,0,67,363,14,3,15,5,23,10,5
1fJVGN3On0l7kRohcF2E,8,2378,397,173,29,163,377,16,11,71,5,67,1,0,61,381,12,2,19,2,23,6,4
1gaQlVW56mCk4NxrRhPw,8,2529,386,204,30,180,418,17,12,77,1,72,2,0,68,368,19,2,16,5,23,7,7
1GmZULtOThSYEx4sNWDC,8,2543,391,177,35,182,424,19,15,79,1,74,2,1,66,364,14,4,16,10,23,15,8
1gYyAWCIEbGBJaMHL0k2,8,2301,393,182,28,174,400,18,16,70,3,71,2,0,63,324,12,2,14,8,23,6,7
1hAQV0ebMLSgy4ktpfoC,8,2095,522,167,57,190,218,66,543,28,6,251,63,6,48,215,152,20,303,27,40,2,12
1hex2VAaHSC6lPv3ILOw,8,2551,397,203,41,183,424,17,20,79,5,75,4,0,66,368,16,3,25,7,23,14,8
1iTgmuEOkVaUnhClz2JL,8,767,104,20,31,167,97,24,169,41,6,75,8,0,100,119,63,8,40,54,14,11,47
1jex6QUgvfsViWcLJdX4,8,972,552,169,98,279,130,78,81,218,106,97,6,0,100,78,59,35,38,63,33,9,29
1JiaRhjycfZb8BpmX4TM,8,2544,390,203,33,181,423,17,11,77,6,74,1,0,66,361,17,4,15,12,23,6,9
1kidbgV9v0BlxInTYfsJ,8,2309,393,182,27,177,394,16,20,71,7,68,5,0,65,329,15,5,20,17,23,9,16
1mlhNbQOFU0VtAP8ZJBk,8,2541,384,191,36,178,419,16,12,77,4,73,5,0,66,360,15,2,14,7,23,8,6
1NSfFQ28b0TDh5YGnLeR,8,1483,1041,298,266,370,100,203,123,228,175,128,6,0,176,82,75,89,39,93,38,18,57
1NvKF7pMREf4iVyzZewr,8,955,78,18,23,86,174,27,202,36,14,41,24,0,36,95,64,11,63,30,20,2,16
1otbAhISV0yQ7vF6zndx,8,443,65,30,14,103,78,11,25,20,2,41,0,0,19,43,32,2,34,36,12,0,20
1pjg7bvn9oxqzCOPN2kZ,8,2530,389,202,33,182,422,16,9,79,3,75,0,0,66,365,15,3,17,7,23,4,9
1QTsYc7DZ2VxmfJFUXhN,8,2529,386,203,30,181,419,17,10,78,5,70,2,0,68,357,12,3,14,9,23,5,5
1S48g5NjfO0arVmqcoU2,8,2131,332,173,45,169,350,28,12,62,2,74,3,0,74,296,11,3,13,16,24,13,42
1sOzen4EwI3a2UkSJmT5,8,2305,389,181,29,179,389,16,18,72,4,68,2,0,63,326,17,2,15,7,23,16,8
1Ue6El4YDMXcVmBsqkoF,8,2550,388,177,37,180,422,16,14,79,8,73,1,0,66,364,17,2,17,7,23,9,13
1uL0bOdvywrYSTBphUZg,8,961,121,43,39,107,151,26,198,28,19,193,34,0,23,123,102,11,60,20,29,3,19
1YBJRhWOvlpHx79EMf2I,8,2547,395,208,41,183,428,16,16,79,6,72,1,0,68,362,23,2,18,10,23,16,12
1zVtBw2rdTN9j7a4xZE0,8,2559,393,147,35,182,430,17,16,79,7,76,4,1,69,370,16,3,20,10,23,15,13
21XVtgk6bMRdLWP4xoKs,8,939,693,264,124,172,96,107,61,109,101,101,7,2,75,47,31,33,12,47,29,5,30
250wWOtELFspbVRJAaNn,8,2539,387,153,30,181,419,17,10,79,2,72,0,0,68,360,13,2,13,11,23,6,4
27sRSvhiI1wEBfnGMtUo,8,266,42,17,20,58,65,6,2,12,2,35,0,0,14,40,1,2,7,3,11,2,2
295nPpgmDUkQw4TScqfh,8,2541,390,151,33,181,419,18,12,77,9,75,2,0,67,369,17,2,14,8,23,11,15
29Gyianow1P7Zl63JSDK,8,2396,401,129,30,170,379,18,17,70,1,71,5,2,63,382,15,2,21,11,23,12,10
29WyrbfmNGFBVLoQhg8q,8,999,557,418,407,66,161,56,180,69,62,221,0,0,49,65,559,9,6,126,0,10,34
2bZlmksaBHeNDVnf9PRx,8,2303,392,122,27,174,391,17,19,71,3,69,1,0,63,328,13,3,18,7,23,3,7
2cf8jvWxmkMu6s10zbqN,8,2534,387,137,34,178,422,16,13,77,2,73,1,0,66,360,15,3,14,12,23,6,4
2cSHYRJ7p4jA3O8uM1qI,8,2294,396,181,31,174,388,17,19,72,5,70,2,0,63,326,12,2,17,7,23,9,7
2d1DA6k5BE0H3MzRXv7w,8,2375,394,170,27,161,377,16,10,69,3,67,3,0,61,376,12,3,19,5,23,3,4
2dqWPx6MhJZoY37vL1gT,8,2292,394,169,26,176,388,16,20,70,4,72,0,0,63,327,16,4,19,5,23,11,4
2Eq3HXCP9O6JulmS0zY5,8,2288,388,180,25,172,392,16,19,70,1,69,0,0,62,325,14,3,15,6,23,3,2
2fCaW87gq1DlA4voSUjG,8,320,65,28,14,75,73,16,22,18,0,52,0,0,18,34,18,2,18,11,12,0,16
2GjiEfvtJrInW9wOkU5e,8,2533,385,204,31,181,423,17,15,78,6,70,1,0,66,360,12,3,15,3,23,8,8
2HRQ1j0Dx3fv8Ad7n9rg,8,1918,1400,520,270,458,170,164,137,311,216,243,26,2,162,102,57,91,45,129,95,12,66
2ISirUkfPhltjXVQ86Ge,8,2558,396,148,32,189,427,17,15,80,5,82,2,0,66,371,22,4,19,10,23,13,14
2L8T9IgSrJs7mlF5PueZ,8,1823,95,80,95,67,127,144,99,35,9,67,3,0,22,135,63,2,57,1,31,0,0
2LfPBwRadN3TulW86pvO,8,2533,385,205,31,179,421,16,12,80,3,74,4,0,68,362,11,2,17,5,23,10,9
2LR1cT43f809ZG6KUd5l,8,33,15,5,3,5,18,7,2,4,0,8,0,0,12,15,2,0,4,8,0,2,3
2mQdaBHoJEe5UI7ZAlzF,8,951,82,17,28,89,170,26,214,38,18,39,26,0,37,97,64,10,64,42,21,3,19
2NHmrIL6Gyut0hfQDACw,8,2533,382,164,27,182,415,17,10,78,0,69,2,0,67,360,11,2,19,6,23,7,3
2OZkNTqAJ8X61eK4pjhR,8,2530,388,183,28,178,416,16,13,79,5,72,1,0,67,365,10,3,16,8,23,7,10
01azqd4InC7m9JpocGv5,9,5295,3208,1533,542,672,622,308,418,557,674,730,82,0,134,648,158,222,197,3,0,0,5
01jsnpXSAlgw6aPeDxrU,9,31,442,125,70,127,32,195,199,44,73,1,0,0,16,91,54,22,106,0,120,0,2
04mcPSei852tgIKUwTJr,9,45,489,134,203,154,74,320,72,81,192,1,0,0,69,165,214,25,301,0,0,1,0
07ECKjDTyQLnabNoxrIH,9,5226,3534,863,867,983,1003,323,666,546,348,565,1139,0,169,1024,427,272,441,7,0,0,5
0AV6MPlrTWG4fYI7NBtQ,9,36,153,61,23,91,75,259,156,82,146,8,1,0,62,195,260,21,146,3,89,0,1
0B2RwKm6dq9fjUWDNIOa,9,35,578,179,221,149,186,312,588,109,229,1,0,0,90,184,118,24,103,0,190,0,0
0bjN3Kgw5OATSreRmEdi,9,27,420,144,78,81,47,361,91,81,125,1,0,0,14,62,180,16,67,0,228,0,0
0co46B8IkPt2UN3HSaw7,9,991,837,339,103,65,158,99,37,40,3,7,0,0,25,48,17,86,34,12,28,4,17
0CPaAXtyswrBq83D6VEg,9,6096,3334,1437,525,893,745,408,511,541,669,877,92,0,148,841,201,226,233,7,1,0,5
0czUXKSCiGY2j5mxLdWa,9,2289,1527,377,376,445,445,168,274,232,136,313,491,0,71,445,232,96,178,5,0,0,4
0dauMIK4ATfybzqUgNLc,9,1867,2115,763,533,672,376,110,258,279,125,609,121,0,89,375,125,144,157,3,0,2,10
0dhL8Jvcswa7U1qHiDS5,9,1589,1717,706,425,583,325,82,220,235,100,788,96,0,81,331,113,107,101,4,0,0,2
0FOXjzmnD9CUMVcSlEqh,9,2385,1733,437,351,419,456,149,304,218,125,320,499,0,61,452,208,104,166,4,0,0,6
0gcZkSFr7VnEmLPbTxUe,9,28,427,98,197,118,133,250,122,8,156,0,0,0,53,215,153,19,37,0,0,0,0
0gWUIudhwovMYb3NSnZA,9,43,331,106,92,147,109,100,309,44,143,1,0,0,134,291,172,27,118,0,223,0,0
0IelgX5H2s14KutkEyNU,9,55,533,215,22,173,221,295,351,98,167,1,0,0,101,405,409,41,167,0,20,0,0
0JAx9gzbC54Q61XBrqc7,9,31,580,184,84,125,298,151,55,9,66,1,0,0,58,149,87,20,287,0,160,0,0
0njs7MJQObCY8ABgykiP,9,2474,3325,1218,765,927,509,119,385,413,178,936,168,0,106,480,194,205,143,5,0,0,2
0NZT2sFp4JKXqYGC8Rna,9,1307,1725,627,334,421,245,56,213,175,83,665,76,0,48,244,104,86,84,11,0,0,5
0Phtp2LVcsCFMKkGgmRH,9,5295,3208,1533,542,672,622,308,418,557,674,730,82,0,134,648,158,222,197,3,0,0,5
0pqtVjvLk89PdYr5MwZO,9,2098,2299,848,601,790,439,110,297,353,150,721,149,0,100,434,159,179,138,6,0,0,5
0pXDqTLSebKWgaUOdnVE,9,1525,1894,708,430,537,279,70,224,256,104,571,101,0,72,334,140,100,94,3,1,0,5
0QIZ6hemJLErWdFlGnCc,9,23,220,67,70,49,44,118,97,30,133,1,0,0,13,63,147,10,78,0,83,0,0
0qV43bnIcBDPF1WlG6tJ,9,34,529,137,231,233,299,396,21,26,110,1,0,0,73,382,92,20,87,0,0,1,0
0QWUChwNSFtlOjr45JpT,9,2281,1273,301,322,482,404,155,291,205,112,338,479,0,67,490,210,109,186,4,0,0,7
0sH5GdO3LpZwMbPaXjfN,9,38,648,176,215,185,212,296,30,98,99,1,0,0,30,69,84,21,138,0,164,0,0
0tZy7jgOKCIJslPRvrop,9,839,754,285,84,58,150,106,30,29,8,9,2,1,26,40,15,70,20,16,18,4,8
0uLJEcpVlIWkTBeHZU4w,9,43,358,132,73,93,92,195,74,15,71,1,0,0,37,139,181,29,7,0,98,0,0
0x47zZTBynC21leohIEs,9,2335,1342,326,324,448,459,156,295,197,105,312,510,0,60,523,213,122,191,7,0,0,6
0Xm5sqBgQASUyFui2kbH,9,3160,1919,452,459,638,634,205,392,291,148,385,671,0,110,674,248,155,257,5,0,0,8
0yn4gphuOYlPsCz5JGFM,9,34,387,158,47,144,152,71,29,69,107,1,0,0,9,296,391,21,69,0,71,0,0
0yvBxsufKXzM6CwpcSYU,9,2246,2910,1020,642,740,418,105,282,358,162,720,145,0,88,437,175,155,151,8,0,0,1
0Zb69USnM3qafJTWHCpL,9,30,748,153,410,198,403,89,354,89,254,3,0,0,101,116,240,19,149,0,256,0,1
13FZ9DOhywk78sJiVULu,9,30,742,151,407,219,112,472,298,40,167,1,0,0,42,132,193,21,46,0,128,0,0
148bgAqCj3NzaHwSP0Gu,9,995,686,307,102,76,190,110,24,48,5,12,0,0,38,41,28,85,26,13,28,3,11
14lJRXiAchNqVFSOBLgb,9,2737,1738,460,375,512,486,159,348,264,127,608,620,0,65,506,214,123,197,2,0,0,4
198PdXRpGVZAzYxCrF0e,9,38,732,208,261,204,161,296,283,89,122,2,0,0,34,257,221,25,198,0,0,0,0
19hXQ2ODt6WvpEdxTGmo,9,2997,1927,511,449,596,579,167,367,283,151,683,635,0,74,606,249,138,219,3,1,0,2
1EDNRfXhHWl7txAOdycU,9,932,791,298,88,46,189,90,30,34,8,11,4,0,24,52,11,87,34,20,31,3,21
1hcfvnSGMXEHU94egR3F,9,2153,2771,931,627,755,377,90,339,364,166,805,123,0,116,403,134,145,148,4,1,0,2
1HFt83wrBnSQu7cP2WZy,9,6224,2370,922,636,1006,826,527,434,697,827,918,124,0,165,881,236,310,222,7,1,0,4
1hzZA7JPylptLbxKYOmI,9,1395,1355,426,448,577,347,84,195,263,139,647,112,0,75,363,113,132,119,7,1,0,5
1I3Am5YxgsXpDh6BLHTz,9,832,737,297,83,38,156,68,26,24,2,8,4,0,13,50,20,88,18,17,9,4,19
1juBrXlSObsai4No5MKL,9,42,387,151,26,167,158,287,220,51,238,1,0,0,23,423,313,30,150,0,316,0,0
1MjkqlJ7L6EoAPXb2fKV,9,5410,3150,1283,535,696,632,383,468,465,564,799,105,0,128,738,167,224,206,7,1,0,4
1PBLNzoZlUuWEvAt8MHq,9,37,659,209,91,179,57,244,218,29,127,1,0,0,47,378,326,25,202,0,215,0,0
1pfyGlxvBcaMTNj3VgE9,9,2498,1636,451,376,487,572,124,337,205,118,410,539,0,86,598,204,130,187,2,0,0,7
1roh5Aw0ELDKyeu6GkIt,9,29,691,220,252,122,72,232,223,28,167,1,0,0,48,333,167,18,11,0,219,0,1
1RyBhpeVSJd96rZkEI7w,9,5147,3961,1539,437,577,601,260,545,546,663,739,86,0,120,569,141,149,145,4,0,0,0
1soISvrO3ylkfmuaq2UG,9,1034,830,331,92,67,168,115,33,48,3,9,0,0,36,56,19,89,25,21,28,6,21
1SVleInitNjxByvsFbdm,9,3744,1841,872,325,515,568,244,329,399,471,1165,97,0,99,473,175,139,160,2,1,0,0
1tzipfyUJACXjZYPBud5,9,2130,1380,361,313,404,407,123,265,201,94,590,456,0,52,395,188,97,157,1,0,0,3
1uNTL24yHl3EVFidSzUA,9,5069,2685,1286,475,758,641,407,368,495,615,774,145,0,139,731,218,165,166,3,0,0,1
1WJXH29t4FmdcLBK5DNR,9,22,306,71,132,99,151,65,72,59,105,1,0,0,43,211,15,15,162,0,156,0,0
1wzULSbfxGolZhD4XIAs,9,27,503,130,79,65,46,201,82,15,105,1,0,0,42,104,63,19,167,0,219,0,0
1xquodIbFvtDVp6ASGin,9,42,447,131,49,231,137,204,184,93,193,0,0,0,118,556,187,32,443,0,284,0,0
1XtkeS5VmHTrwaRGAzMh,9,5786,3050,1247,479,718,663,296,456,543,665,805,125,0,142,737,186,246,177,4,0,0,4
1YAFzJjOeKUCc7pubM9q,9,3160,1919,452,459,638,634,205,392,291,148,385,671,0,110,674,248,155,257,5,0,0,8
1Z9IPyxXu7q8VlLTRHNG,9,4019,1152,644,493,493,287,509,273,340,314,373,3,1,302,72,207,122,106,247,5,0,119
1zP8Fh4ZWpELUrXB7Say,9,55,344,71,128,137,54,115,113,52,77,2,1,0,53,201,109,35,125,1,91,2,2
2617zwnbHU3jrseQZim5,9,7176,3530,1775,629,913,844,441,446,691,861,794,162,0,149,843,242,259,212,11,0,0,4
26Apnq34hwrYEbvSUoMV,9,1925,1384,324,249,361,376,123,248,158,90,254,404,0,53,370,149,92,149,4,0,0,5
28MbCkmwFWHNvBYTP3oe,9,29,225,93,26,57,68,143,91,42,93,0,0,0,15,148,163,19,110,0,160,0,1
28ndZemTJQNPv5rWl9Mq,9,2196,2984,995,606,726,394,116,266,301,114,1050,128,0,76,411,152,164,117,6,0,0,6
294DyEi30U6TVeFSrClm,9,38,440,134,103,80,175,215,82,48,100,1,1,0,40,127,195,24,120,0,13,0,0
2AloO4fCXKL9DnYdeQUP,9,2101,1542,403,303,360,423,119,288,164,80,302,428,0,54,420,159,102,144,3,0,0,2
2b8y9vDX0GjJnC5qtcom,9,1892,1243,333,265,330,363,100,242,156,89,248,365,0,58,370,171,87,156,4,0,0,5
2ec5nrOmxDFqKTf3pYGA,9,3872,1855,1163,325,553,445,173,293,342,411,706,97,0,70,430,123,130,133,7,0,0,0
2ed6iJbogAU8BIFKkQ4h,9,2908,2349,539,408,552,560,171,428,252,129,380,625,0,102,479,262,131,184,8,0,0,3
2gXZWDA3VeTPr1I7pjYa,9,35,390,96,225,111,113,118,147,61,154,1,0,0,112,208,88,21,125,0,165,0,0
2HAvl4QhqKBGu8cWedtY,9,45,395,151,27,168,164,287,223,52,239,2,0,0,23,424,313,30,151,2,316,0,4
2HO7PmwTKCZr3t4BYJVe,9,27,393,92,130,75,140,89,75,50,89,0,0,0,25,48,134,20,90,0,72,0,0
2HqSerDI4yG1WRxTbl8w,9,2846,3326,1123,871,1039,604,139,402,497,257,694,210,0,107,605,184,269,180,7,0,0,4
2i5N9Ftj3xoySflKzbAC,9,1621,1119,300,233,284,292,100,185,143,65,219,299,0,48,332,144,71,148,4,0,0,4
2Ie0uQ5UtNfjKsizqSGD,9,32,177,136,42,104,39,80,42,39,81,1,0,0,34,146,180,21,78,0,120,0,0
2Ig4GdWcjlOLQ9YEz6aV,9,2401,1581,378,341,460,433,130,321,213,116,273,506,0,78,494,210,122,185,6,0,0,4
2KukNP13McOI6AH0b8op,9,2379,1345,316,342,472,442,134,272,220,138,293,534,0,80,477,213,130,191,4,0,0,5
2n8uBGd0wsYvgz4UfH59,9,26,252,65,75,64,134,132,121,20,135,1,0,0,27,55,262,17,129,0,103,0,0
2NakDPd4GWEwzuHhTx5o,9,35,266,118,88,93,140,127,49,20,93,6,0,0,71,154,72,15,127,3,68,1,1
2naY3OZxS1g8HTqE07ew,9,3340,1300,527,270,437,367,356,297,422,532,584,77,0,118,522,179,115,123,6,0,0,4
2nBdD7s8Kklrtvm3zSow,9,1051,822,327,96,75,161,122,23,50,8,11,2,0,21,60,15,76,28,12,16,8,15
2PESUlOCzXpa46su0DeY,9,2140,2459,886,706,802,445,109,251,373,170,691,155,0,88,431,152,189,160,11,0,0,5
2qk8R3jeQvKzsMp0iGT1,9,5147,3961,1539,437,577,601,260,545,546,663,739,86,0,120,569,141,149,145,4,0,0,0
2qpZmcvFs4LCBNi9IX6H,9,6874,3654,1453,555,1037,867,552,525,592,673,947,162,0,139,892,210,263,305,5,0,0,4
2QYaRbl5FupqTBEtMrif,9,36,443,99,181,154,169,68,268,81,144,1,0,0,65,72,256,24,135,0,56,0,0
2ro1jNXETKMPhbUzdelp,9,19,170,92,3,104,261,204,291,25,119,0,0,0,54,89,133,9,184,0,83,3,0
2rRK7lxiQhSD4B6a9uEI,9,2433,1781,454,365,473,457,152,310,222,101,595,519,0,67,470,190,129,177,2,2,0,1
2SuEocCLvdekmN1jJFzI,9,876,755,305,85,43,159,125,19,35,6,8,0,0,19,43,11,70,25,29,14,5,15
2tqQkycVPSxIRGuW3wnh,9,37,461,133,106,88,193,187,40,37,94,1,0,0,58,126,42,26,188,0,113,0,0
2uPwGIAmqLodYFnNWBa0,9,1905,2334,835,1549,715,409,91,337,312,131,649,134,0,86,423,131,178,147,8,0,0,1
2v8l9FWbJZg4G7MCNB6r,9,28,240,88,49,78,165,100,189,57,124,1,0,0,43,223,22,15,47,0,158,0,1
2WkGMV9mKJrBAOZL5zdI,9,29,321,127,48,90,241,169,186,40,195,4,0,0,12,189,212,19,35,0,186,0,1
2WxJSgf0GbH69yBQt3E7,9,5295,3208,1533,542,672,622,308,418,557,674,730,82,0,134,648,158,222,197,3,0,0,5
2yqweuZUFLQlVj54MgY1,9,28,323,100,67,227,233,358,282,117,121,0,0,0,56,39,155,20,19,0,219,0,3
2YRS507CXWuiFkBefsvx,9,26,396,92,130,75,140,89,75,50,89,1,0,0,25,48,134,20,89,0,72,0,0
2ZI9SdMvc7WAXK03nPyu,9,2120,2397,807,655,802,452,106,336,363,159,717,140,0,113,492,162,175,166,2,0,0,5
30ryX9b4elIiQcPaVx2W,9,2547,1580,442,349,494,522,145,338,223,105,346,492,0,60,471,219,116,243,8,0,0,7
34anOKthJ6CXbZs2MeI5,9,37,506,193,174,160,402,245,414,114,202,1,0,0,98,239,300,24,222,0,67,0,0
365qzFMSdZmIU1YbfoAx,9,1395,902,246,203,283,272,107,160,138,72,220,293,0,52,304,140,79,130,4,0,0,4
38EVbc5UfWMGPp1XHR7v,9,4008,2157,953,354,412,480,227,289,285,374,623,121,0,88,472,143,135,118,2,1,0,2
